"","IMAGE:196992","IMAGE:587847","IMAGE:510116","IMAGE:119882","IMAGE:1049185","IMAGE:135221","IMAGE:298560","IMAGE:841507","IMAGE:366889","IMAGE:377275","IMAGE:591265","IMAGE:810911","IMAGE:1469138","IMAGE:1473304","IMAGE:1486082","IMAGE:436121","IMAGE:236124","IMAGE:129024","IMAGE:1456160","IMAGE:510336","IMAGE:487458","IMAGE:741497","IMAGE:726086","IMAGE:66560","IMAGE:85624","IMAGE:669375","IMAGE:378461","IMAGE:813276","IMAGE:46477","IMAGE:173674","IMAGE:454771","IMAGE:155620","IMAGE:42824","IMAGE:266146","IMAGE:810727","IMAGE:131839","IMAGE:786675","IMAGE:509731","IMAGE:80338","IMAGE:1076422","IMAGE:197525","IMAGE:1410444","IMAGE:80796","IMAGE:81427","IMAGE:840687","IMAGE:810960","IMAGE:81336","IMAGE:562729","IMAGE:1161662","IMAGE:782972","IMAGE:824340","IMAGE:69002","IMAGE:1084673","IMAGE:196005","IMAGE:1322814","IMAGE:595037","IMAGE:784183","IMAGE:1604735","IMAGE:327676","IMAGE:52741","IMAGE:664975","IMAGE:255725","IMAGE:207358","IMAGE:1007581","IMAGE:143169","IMAGE:109440","IMAGE:117806","IMAGE:188036","IMAGE:134783","IMAGE:298417","IMAGE:666879","IMAGE:80948","IMAGE:240961","IMAGE:248463","IMAGE:594633","IMAGE:343987","IMAGE:23185","IMAGE:204335","IMAGE:392405","IMAGE:346604","IMAGE:233721","IMAGE:135975","IMAGE:252515","IMAGE:208413","IMAGE:1416420","IMAGE:564569","IMAGE:181541","IMAGE:594758","IMAGE:782575","IMAGE:206632","IMAGE:296448","IMAGE:1035889","IMAGE:345523","IMAGE:429433","IMAGE:897768","IMAGE:344134","IMAGE:132636","IMAGE:774446","IMAGE:510576","IMAGE:245774","IMAGE:345957","IMAGE:2256743","IMAGE:137387","IMAGE:878564","IMAGE:83011","IMAGE:206370","IMAGE:307471","IMAGE:309893","IMAGE:781139","IMAGE:2314831","IMAGE:128126","IMAGE:234004","IMAGE:193087","IMAGE:132140","IMAGE:868169","IMAGE:810813","IMAGE:298409","IMAGE:344430","IMAGE:1743091","IMAGE:341706","IMAGE:668685","IMAGE:193892","IMAGE:285155","IMAGE:307337","IMAGE:586706","IMAGE:256895","IMAGE:845477","IMAGE:854899","IMAGE:296444","IMAGE:51950","IMAGE:46862","IMAGE:70692","IMAGE:488370","IMAGE:163407","IMAGE:178805","IMAGE:207826","IMAGE:201483","IMAGE:813266","IMAGE:788566","IMAGE:271699","IMAGE:60249","IMAGE:433253","IMAGE:247546","IMAGE:878836","IMAGE:810873","IMAGE:121722","IMAGE:470105","IMAGE:377461","IMAGE:344588","IMAGE:731469"
"fetal_lung",-0.4,-2.22,0.49,-3.23,-1.35,0.68,NA,-0.6,0.5,-0.89,0.3,0.93,-0.13,-1.36,-1.25,1.57,-4.56,-0.8,-1.08,0.54,0.37,0.55,0.04,-5.42,-0.11,-1.09,-1.7,-0.54,-0.94,0.03,-0.5,-4.79,-2.41,-1.46,3.3,1.7,-1.46,-1.92,1.66,-1.07,-0.56,1.09,-4.81,0.04,0.87,0.71,0.77,1.82,-1.03,-0.13,-4.33,-0.99,-2.94,0.02,0.65,0.15,3.03,0.86,2.01,2.15,-0.69,1.35,-0.56,1.68,0.03,7.6,-3.75,NA,0.13,0.28,-0.12,-3.77,-1.11,7.63,-1.96,0.66,1.35,-0.69,0.62,2.96,-0.62,-1.34,-1.37,0.19,-0.31,0.31,-0.49,-1.83,-0.77,-1.25,2.94,-0.02,0.32,1.2,0.66,-2.89,0.46,0.72,0.96,3.1,-0.69,1.33,-2.01,2.26,0.38,1.82,0.98,2.12,-0.43,2.85,1.01,2.07,2.15,0.45,2.43,-1.04,-0.85,-0.68,2.66,0.26,2.51,1.84,0.53,1.52,-1.53,2.01,1.29,0.55,0.36,1.04,-0.61,-0.56,1.53,-2.45,-1.53,2.34,0.71,4.02,0.23,2.12,1.1,-1.37,-2.15,0,-0.55,1.66,2.27,2.6,-1.15,-0.37
"232-97_SCC",4.28,5.21,0.23,-2.84,-0.84,0.56,4.14,-0.66,2.74,5.1,2.86,-1.89,-0.44,2.83,0.24,0.25,0.09,0.18,-0.67,2.26,2.48,0.93,-1.26,-0.46,-0.77,-1.08,2.15,4.07,1.16,-0.89,0.19,-0.44,0.61,NA,-0.19,-1.12,0.43,-0.69,-2.55,1.31,-2.15,-1.88,-0.24,-1.76,-0.88,NA,-0.43,-0.72,1.3,-2.92,-0.14,-0.27,-1.47,-2.1,-1.62,-0.53,-1.67,2.52,NA,-1.39,3.82,NA,2.37,-1.65,-0.86,2.8,-0.16,3.1,1.46,-1.78,1.97,-0.28,0.92,1.83,0,-0.4,-2.12,-1.77,-1.93,-1.52,-1.26,1.12,1.84,-0.37,-0.68,-2.36,0,0.97,0.99,1.01,-1.06,3.7,1.68,-1.22,0.93,-0.01,-0.04,1.56,-2,1.29,3.18,0.67,1.08,-0.85,1.29,-2.55,2.46,-0.73,-0.19,0.02,-2.02,-2.83,-1.93,-0.89,-1.26,1.16,2.24,0.25,1.58,1.05,2.61,0.86,1.48,-1.35,0.58,1.15,-0.49,-2.25,-1.44,-0.94,-0.79,-1.6,0.75,0.16,3.19,-1.17,-1.36,-0.04,0.3,-2.47,-0.17,-1.17,-1.33,-0.56,0.48,NA,-2.55,-1.23,0,-1.59
"232-97_node",3.68,4.75,0.62,-2.72,-2.88,-0.45,3.58,-5,2.02,3.83,1.63,-5.08,-0.21,2.66,1.06,-0.14,-3.92,0.05,-0.5,2.57,3.54,0.45,-1.56,-3.75,-2.59,-1.22,1.39,2.05,0.79,-2.58,-0.71,-3.64,1.08,-0.37,-3.01,-2.03,1.2,0.28,-2.53,1.91,-1.61,-2.17,-2.93,-3.13,-1.27,1.81,-0.91,-3.13,1.14,-2.89,-3.06,-0.77,-3.75,-1.37,-1.66,-1.64,-0.38,2.47,1.67,-3.25,4.44,-0.7,1.87,-0.92,-1.47,1.56,-2.5,2.58,-0.81,-0.95,3.56,-1.39,0.32,1.53,-1.96,-2.58,-3.68,-3.61,-3.92,-1.47,-1.51,0.68,1.26,-1.76,-0.61,-3.38,0.31,1.33,0.27,NA,-1.26,5.03,1.78,-0.67,-0.64,-2.83,0.03,0.33,-1.34,-0.78,2.87,-2.02,0.4,-0.49,1.31,-3.03,2.3,-2.1,1.08,0.53,-3.4,-3.71,-0.9,-1.95,-1.04,1.92,1.46,-0.51,-0.18,2.15,2.49,1.34,-0.78,-2.66,-2.43,0,-2.1,-3.68,-1.07,-2.96,-1.05,-1.47,-1.83,-2.69,3.06,-0.89,-1.97,-0.09,-0.01,-2.67,-0.34,-2.55,-1.22,-1.5,0.83,0.06,-2.98,-2.12,0.82,-0.88
"68-96_Adeno",-1.35,-0.91,-1.15,-0.83,3.35,-0.2,-0.4,0.72,0.29,0.72,0.16,1.4,0.02,-1.49,NA,NA,1.64,-1.39,2.61,-0.68,1.02,0.66,-1.15,1.24,1.78,-2.89,-0.09,0.12,NA,0.41,-0.38,0.71,NA,-2.86,0.66,1.88,1.75,0.54,3.21,2.34,0.91,0.44,1.2,1.44,1.7,NA,2.76,-0.39,1.62,1.65,1.32,-0.77,2.28,0.42,NA,0.28,0,NA,-0.15,0.7,0.79,NA,-2.08,NA,-0.15,-1.11,1.15,-0.47,-0.96,1.01,-0.03,0.93,-0.42,0.18,-1.16,1.84,0,0.47,1.6,NA,1.37,-0.55,-0.12,1.29,0.42,NA,-0.69,-2.64,NA,-1.47,-0.49,1.47,-0.47,1.92,-0.5,0.93,1.88,-2.12,NA,-0.46,0.24,-0.87,-0.05,1.23,-2.17,0.27,0.4,1.98,2.53,NA,0,0,0.66,0.41,NA,0.86,1.3,-0.69,1.26,0.95,-0.7,0.09,NA,NA,1.4,2.16,-0.02,0.84,1.65,1.02,1.67,0.1,-0.77,1.22,-0.41,-1.36,0.83,1.1,-0.22,-0.24,2.59,1.87,0,NA,-0.21,0.23,0.09,0.3,-2.07,1.4
"11-00_Adeno",-1.74,-0.33,-1.47,-0.02,3.02,1.14,-2.62,0.23,-0.09,1.51,-2.04,0.4,0.8,-1.49,0.13,-1.29,-1.63,2.13,-0.66,-3.92,-0.39,-1.14,1.66,0,1.8,-2.29,-2.2,0.43,-4.5,3.18,2.37,-0.46,-2.2,-2.43,-0.29,0.46,2.6,0.64,1.62,-0.05,0.88,-1.34,-0.74,0.97,1.3,0.15,0.59,-2.67,2.64,1.22,-1.03,-1.01,-1.26,-0.38,2.42,-1.24,-1.27,-2.44,1.85,0.77,-0.48,0.94,-1.49,2.69,-0.03,1.51,-0.95,-0.35,NA,2.1,-1.9,-1.63,-1.55,1.62,-1.59,1.06,-0.28,0.05,0.35,-0.91,-1.09,0.3,-3.51,-0.69,3.14,2.56,-1.38,-4.47,0.37,NA,-0.42,0.27,0.49,2.42,-0.51,-0.8,1.14,-0.9,-0.18,-2.54,-0.5,-1.21,-3.06,0.53,1.18,-0.56,-1.9,-0.33,0.12,2.24,0.2,-1.65,0.8,-0.65,-0.24,-0.13,-0.99,-1.77,-1.71,0.77,1.96,3.11,0.7,-0.15,0.18,0.94,-0.6,-1.52,-0.26,-2.73,-1.14,NA,-1.79,-1.6,-0.23,-0.9,1.71,-1.23,2.4,-1.96,-1.05,0.22,-1.29,-0.98,1.03,1.76,-1.38,-3.19,-0.14,3.21
"69-96_Adeno",2.2,2.56,0,-2.85,-4.48,0.22,1.59,NA,NA,NA,NA,-1.94,-1.43,0.76,5.55,NA,1.65,NA,-0.03,2.66,0.01,4.93,NA,1.17,-0.57,-2.24,1.63,4.38,-0.37,-3.32,-1.45,1.08,NA,-1.4,-0.38,-0.39,0.41,-2.13,-1.56,NA,-2.54,1.45,1.2,NA,NA,NA,NA,NA,NA,NA,NA,2.19,NA,1.04,-1.77,-1.76,-0.64,NA,NA,NA,NA,NA,2.39,-1.81,-1.85,-3.9,-0.75,NA,1.25,-0.22,NA,-1.29,3.05,-3.46,3.48,NA,-1.2,-0.92,-3.17,0.02,1.7,2.56,-0.71,-1.1,NA,-3.62,-0.5,0.01,2.96,NA,-3.97,1.08,NA,-1.16,3.33,1.23,0.43,2.59,-3,0,NA,NA,2.42,-1.93,1.99,-2.3,-0.17,-0.93,-2.31,NA,-1,-2.88,-0.82,-2.97,-0.4,NA,NA,1.36,NA,0.36,-1.08,-1.58,4.73,NA,NA,-2.3,-0.63,-1.05,-3.24,-0.82,-1.45,2.37,0.97,1.08,0.79,-7.89,-2.44,-0.45,-1.05,-2.4,0,0.01,-3.06,-1.67,-0.81,1.38,-0.21,0.78,3.94,-1.98
"234-97_Adeno",-2.58,-1.23,5.68,-0.94,6.21,6.57,-2.74,-4.05,1.94,5.09,1.33,-3.69,0.33,1.43,-0.37,-2.61,-0.71,1.38,NA,1.67,-1.22,-1.93,2.84,-1.08,-2.02,-0.9,-1.34,-1.03,0.02,0.58,0.18,-0.96,-0.66,0.36,-3.06,1.29,0.38,-1.64,-2.25,-0.34,-0.36,-0.37,-0.27,-4.23,2.17,1.3,-1.06,3.95,-0.36,-1.33,-0.63,2.81,-0.3,-2.29,-0.04,1.28,-4.41,1.39,1.69,-0.02,-0.71,3.31,1.16,-3.2,1.94,0.02,-3.54,2.84,-0.5,-1.72,3.8,-4.71,1.75,-0.52,-0.29,-1.23,-0.51,1.14,-3.33,-0.69,-1.67,3.57,-0.11,1.07,-0.14,-1.51,2.88,0.37,5.14,1.22,NA,0.06,1.1,-1.49,0.87,-0.68,1.8,1.88,-2.52,-1.76,1.2,-1.16,4.12,-2.54,2.55,-0.06,-1.29,-1.98,0.42,3.16,0.25,-4.06,0.4,4.24,-1.44,0.89,1.62,0.3,-2.65,-0.82,-0.31,-0.92,0.48,-2.89,-2.66,-3.05,-0.95,-2.94,0.77,-2.38,-1.57,0.32,-0.79,-1.13,2.05,-0.99,-1.72,-2.45,0.12,-3.24,-2.46,-1.18,2.58,-0.44,0.23,-0.44,2.09,-1.21,5.83,-0.39
"319-00MT1_Adeno",3.24,1.95,3.77,2.52,3.48,4.87,2.19,0.86,0.7,3.06,0.2,0.31,1.79,1.16,0.26,0.14,1.76,0.67,NA,0.07,1.04,0.42,4.61,1.4,0.96,2.98,-2,0.7,4.8,2,0.75,1.49,0.26,2.79,1.49,0.46,1.28,1.41,0.77,0,NA,1.03,1.39,-0.93,0.12,-0.83,2.15,1.47,0.5,1.1,1.42,0.02,-0.78,1.02,1.42,0.92,2.63,0.24,0.07,0.36,-0.75,0.8,1.26,0.06,2.32,-0.09,1.95,1.5,1.88,3.04,2.07,2.03,-1.03,-0.84,1.07,0.06,0.32,0.51,-0.4,1.58,-0.17,-0.87,2.34,-0.76,-0.08,-0.31,NA,-1.01,-0.26,-0.48,1.15,-0.31,0.01,0.22,1.82,1.12,-0.02,0.67,1.36,1.01,0.37,1.79,-0.14,-0.17,1.04,0.43,1.12,2.16,0.15,1.47,0.66,-0.07,0.52,1,0.59,0.91,-0.33,0.33,0,-0.65,-1.14,-0.55,-0.66,-0.52,-0.86,-1.16,2.03,-0.29,0.12,1.86,-0.79,-0.77,1.74,0.86,1.48,-0.43,-0.12,NA,0.04,-0.02,0.27,-0.35,0.75,-0.22,-0.15,-0.51,0.5,1.03,-0.64,0.36
"319-00PT_Adeno",-0.94,-1.27,-2.36,-0.16,4.09,-1.76,-1,-1.23,1.33,-1.6,1.2,1.68,-0.18,-0.44,0.67,0.13,2.1,-0.47,-0.27,-0.6,-0.84,0.68,0.01,1.94,-1.45,-1.73,2.27,0.34,-0.58,-0.53,-0.25,1.82,-0.26,-0.18,0.01,-0.15,0.16,0.19,-0.45,-0.5,1.72,-0.7,1.19,-0.04,-0.2,-0.23,-1.92,-0.59,-0.57,1.66,2.18,0.88,1.1,0.78,1.93,0.43,-0.22,-0.33,1.21,-1.04,2.37,-0.21,-0.44,-0.07,-0.69,-0.12,1.55,-0.04,2.61,-0.8,-0.27,1.76,1.38,-0.19,0.38,0.64,0.14,1.64,0.74,-0.39,-2.15,0.65,-0.05,1.09,0.06,0.73,-0.12,-0.18,0.52,0.34,-0.04,0.06,-0.44,0.27,1.36,1.16,0.31,0.37,0.69,-0.41,-0.58,1.45,2.12,-0.72,NA,0.46,-1.75,-0.63,1.33,2.67,0.25,0.57,1.6,-0.16,-1.57,1.76,-1.28,-0.87,1.98,-0.79,-0.1,3.11,-0.84,0.12,0.58,-1.8,1.59,NA,0.89,2.62,0,0.14,0.98,1.33,-1.21,0.1,1.28,-0.19,0,0.88,-0.4,0.66,0.18,0.43,-0.38,0,0.15,0.64,0.53,-0.17
"319-00MT2_Adeno",3.55,2.44,4.34,4.85,3.31,5.09,2.3,0.18,0.6,2.94,0.52,0.3,4.4,1.26,0.89,0.74,0.94,2.23,1.49,0.4,-0.21,-0.97,5.17,0.81,0.39,3.62,0.75,0.35,4.84,3.33,2.67,0.49,0.29,3.49,1.13,-0.21,-0.62,2.51,-0.17,0.05,-0.08,3.21,1.08,-0.73,NA,-0.61,0.69,3.26,-0.22,1.71,0.92,0.27,0.53,1.47,-0.15,1.62,1.2,-0.38,-0.61,0.58,-0.89,0.27,2.5,-0.32,3.85,-0.5,2.07,1.72,0.94,-0.54,1.19,2.01,-0.13,-0.95,1.7,0.12,0.35,0.21,-0.47,0.18,0.25,-0.38,2.8,-1.16,0.07,-0.41,2.68,-0.69,0.91,-0.17,-0.09,-0.18,-0.41,0.16,1,0.44,0.25,1.63,1.51,-0.66,-0.74,1.47,-0.31,-0.73,0,-0.16,0.41,0.42,0.21,-0.02,2.21,0.21,0.51,1.94,0.07,0.52,-0.75,1.39,-0.13,-1.16,-0.82,0.27,-0.2,-0.06,0.83,-1.25,2.52,-0.23,0.33,0.5,-0.2,0.22,1.43,0.47,2.54,0.93,0.18,NA,0.61,0.33,-0.24,-0.58,0.67,-0.15,0.57,0.38,-0.64,0.55,-0.18,-0.79
"12-00_Adeno",-1.83,-0.81,-1.89,-0.82,3.39,-0.47,-1.07,0.71,-1.56,-0.9,-1.44,2.11,-0.84,-2.33,-0.28,0.52,-0.76,-0.93,2.03,-1.23,-1.02,-0.52,0.47,-0.32,1.89,0.88,-1.98,-0.16,0.61,2.17,-0.58,-1.26,-0.07,1.08,0.26,2.32,2.31,-0.04,1.14,0.91,1.94,0.38,-0.52,1.1,0.63,1.65,0.17,-2.09,0.77,2,0.02,1.24,2.07,1.17,3.52,-0.77,0.7,-0.49,0.71,0.71,0.54,1.63,-2.67,1.3,-0.8,-0.09,-0.53,0.23,0.14,1.9,0.03,-0.68,-2.69,-0.01,-1.14,2.48,1.59,0,-0.82,0.53,0.61,-2.58,NA,1.28,-0.74,-0.16,0.38,-0.74,-0.83,0.63,2.23,0.02,-0.42,1.47,-0.53,-0.56,1.28,-1.33,0.15,-0.04,-0.43,-1.13,-0.2,-0.82,-2.56,0.84,-0.57,-0.37,2.63,-0.74,0.86,1.26,2.16,-0.61,0.74,0.25,-0.48,-0.41,1.21,-0.21,0,0.61,0.42,0.61,0.5,2.33,0.81,-0.43,1.44,1.93,2.86,0.42,-0.86,-0.54,-1.14,0.77,0.35,-0.45,1.82,1.7,0.49,0.63,0.77,-0.36,-0.07,0.71,-0.08,-1.63,0.57,0.62
"237-97_Adeno",4.13,3.72,-0.19,-3.55,-0.96,-1.15,3.09,-6.13,-0.96,-2.75,-0.68,1.17,NA,2.69,-4.6,-0.81,-5.92,0.72,-0.94,-4.39,-3.17,-2.68,2.94,-5.31,-2.76,-0.97,4.2,-1.45,2.11,-2.24,0.54,-4.74,4.23,1.97,-1.48,-1.36,-0.72,-0.5,-4.79,-1.81,-3.13,-0.91,-3.7,-3.24,-3.22,-4.65,-2.15,-0.76,-0.34,-3.14,-4.33,1.45,-0.35,-4.44,-1.97,-2.71,-0.93,-3.83,-0.33,-1.17,4.36,-3.47,0.43,-2.29,1.96,0.73,-4.35,0.39,-1.77,-0.96,-0.58,-3.44,-1.39,1.33,5.17,3.14,-0.89,1.61,NA,-1.9,-2.22,-2.37,2.52,1.02,0.52,-3.25,-0.5,2.15,NA,0.18,-0.65,-1.44,0.14,-3.64,-0.65,-3.58,-1.61,-0.29,0.15,2.16,-1.79,-1.26,-1.13,-0.76,-2.48,-2.55,-3.34,-1.65,2.5,-1.28,-3.21,-1.43,-1.45,-0.07,-1.94,-1.58,-3.78,-3.68,-1.06,-0.24,3.91,1.33,-0.41,-2.06,-3.31,1.24,-0.05,2.7,-2.73,-1.61,-0.19,-0.29,-2.4,-2.62,2.76,-0.59,-0.66,0.55,-1.04,-0.77,-1.89,-2.17,-1.45,2.22,-1.22,-0.76,-2.11,1,-0.79,-1.73
"156-96_Adeno",-1.43,1.05,2.4,1.43,2.4,3.57,-1.09,0.65,-0.59,0.37,0,1.21,0.4,-0.25,-0.49,0.69,0.21,-0.16,2.01,0.74,-0.22,0.87,-0.48,0.31,2.3,2.32,-1.04,0.07,-0.47,-0.24,-0.64,0.05,-0.27,-1.21,1.51,2.83,0.5,1.81,1.01,-1.26,4.13,-1.77,0.04,-0.15,0.94,-1.17,1.1,-1.52,-0.34,2.78,0.46,-0.82,2.99,1.3,1.6,1.51,1.38,1.44,0.84,0.85,0.04,1.47,-2.24,0.66,1.19,0.05,1.75,0.01,-0.5,0.39,0.74,0.89,-3.86,-0.32,2.05,1.92,1.01,0.43,0.08,2.34,-0.02,-4.01,-0.28,1.11,-0.07,-0.1,0.44,-0.11,1.87,0.94,0.39,-0.58,1.57,NA,-0.55,0.17,-0.16,-0.77,2.32,0.29,-0.31,-0.02,1.87,1.08,-2.06,0.76,0.16,0.65,0.2,0.43,0.79,0.83,0.09,-0.91,0.14,-0.02,-1.61,0.91,0.01,-0.24,-0.13,-0.18,-0.68,1.62,0.49,0.82,3.78,2.02,-0.35,1.29,2.61,-0.33,-0.25,0.1,-1.14,0.58,0.07,0.85,0.49,0.87,1.07,0.35,0.29,-0.68,-0.03,-0.63,0.57,1.04,0.78,0.07
"157-96_SCC",6.63,4.33,0.43,-1.44,-1.75,1.23,4.27,1.21,3.48,3.89,3.5,-0.07,-3.44,4.2,1.69,-5.92,0,-0.87,0.03,1.92,4.29,2.94,-2.32,0.81,1.83,0.1,3.32,4,0.09,-2.54,-1.56,0.05,0.9,-1.57,2.18,-2.07,-4.08,-2.16,-0.23,-4.21,-2.76,-0.72,-0.42,0.01,0.38,-1.56,NA,1.99,-6.71,-1.77,-0.37,-2.99,1.34,0.24,1.21,-0.86,0.26,NA,NA,0.41,0.61,-0.75,0.38,-1.29,NA,-0.6,-0.39,3.51,0.28,-0.6,4.46,-0.77,-0.69,NA,1.88,-0.96,0.78,0.42,-1,0.21,-1.16,0.05,1.97,0.66,NA,-1.86,NA,-0.38,1.32,-8.19,-3.2,-5.6,4.9,-0.87,2.36,-0.25,0.64,2.27,-0.86,-0.25,3.19,NA,-1.2,-1.03,1.64,-2.22,4.4,-0.06,0.46,-0.47,-2.33,-3.77,-1.51,-0.14,0.1,2.67,1.63,2.43,0.09,NA,-1.11,-2.73,2.27,0.71,-1.72,2.76,1.46,-2.06,NA,-0.85,-1,NA,0.76,0.09,2.86,-5.07,-0.78,-0.56,-1.06,-3.04,0.43,0.2,-3.44,0.9,-0.12,NA,-1.94,-0.41,4.02,0.01
"320-00_Adeno_p",-3.99,-2.83,-2.74,2.01,4.73,-2,-2.06,-1.99,-2.84,-1.81,-1.7,-0.4,0.4,-2.72,0.55,4.34,0.67,1.09,-1.54,-2.73,-0.8,-3.39,3.04,0.13,-1.72,0.02,0.88,-0.03,-0.79,2.79,1.17,0.55,-0.9,0.76,-1.38,-3.02,-0.23,-3.02,-0.26,-1.45,2.91,0.69,0.39,1.12,-0.56,-1.57,-2.35,-0.99,-1.33,0.66,0.53,3.09,-0.34,-0.24,-0.91,0.18,-1.23,-2.42,-1.12,0.66,0.46,0,0.84,0.5,-0.63,-0.11,-0.88,-0.27,4.16,3.3,-0.8,-1.74,1.08,0,0.15,2.33,0.12,-2.19,0.5,-0.25,NA,0.26,-1.23,1.04,-0.76,1.25,-2.02,1.21,-1.91,-0.71,2.47,-0.04,0.14,0.03,1.32,0.69,0.44,1.54,1.73,-1.09,-1.44,1.2,0.71,0.73,0.61,0.44,-1.53,-0.92,1.8,0.9,0.33,2.21,-0.52,-1.28,0.05,0.82,-2,-0.53,1.39,0.59,-0.88,0.39,-0.73,0.23,2.58,0.32,3.25,2.36,1.94,-1.93,2.67,-0.7,1.35,0.11,-0.66,0.15,1.35,-1.09,-0.42,2.12,-0.45,-1.5,-0.35,1.36,-2.93,-0.49,-0.56,-1.26,-0.91,0.48
"320-00_Adeno_c",-2.64,-1.93,-1.5,1.74,1.57,-0.99,-1.65,-0.67,-1.1,-0.76,-0.99,-0.25,0.44,-2.72,1.45,2.42,0.8,1.49,-0.06,-2.3,0.11,-0.65,2.42,0.39,-0.42,-0.16,2.49,0.69,-0.82,3.35,1.51,0.19,-0.04,-0.02,-0.26,-0.6,-0.51,-2.1,0,-0.96,2.43,1.54,0.36,0.05,-0.98,-0.34,0.69,NA,-1.56,0.71,0.79,2.42,-0.49,-0.5,-0.69,-0.12,0.12,-2.15,-1.75,0.5,0.11,-0.41,0.27,0.46,-0.77,1.2,-1.13,-0.3,3.19,1.3,-0.42,-1.58,-0.28,-0.06,-0.29,2.1,0.68,-1.26,0.07,-0.61,-1.71,0,0.36,0.23,-0.14,0.16,-1.23,1.53,0.72,0,1.67,-0.32,-0.55,0.39,1.43,0.67,-0.13,0.58,0.77,-0.06,0.08,1.08,-0.23,0.72,1.03,0.12,-0.88,-0.04,1.79,0.78,-0.38,1.25,-0.85,-0.46,0.89,0.86,-0.34,-1.89,0.9,-0.4,-0.2,-0.27,-0.91,0.55,1.77,-0.32,2.16,1.93,0.6,0.02,1.45,-0.16,1.48,-0.01,-0.86,-0.13,1.05,-0.73,-0.62,1.91,0,-0.25,-0.4,1.06,-1.9,-0.55,-0.92,-0.28,-0.85,0.42
"161-96_Adeno",-1.36,-0.82,1.55,0.87,-0.45,1.94,-1.14,0.08,1.88,-0.53,1.92,0.09,0.19,-0.82,-0.06,1.08,-0.85,0.31,0.21,0.93,0.49,0.56,-0.06,-0.51,0.85,0.08,1.57,0.05,0.43,0.61,0.22,-1.27,-0.11,-1.28,0.13,0.07,2.59,1.08,1.17,1.67,1.45,-0.57,-0.69,1.14,-0.11,3.48,0.63,-0.84,0.72,0.6,-0.68,-0.42,-0.94,-0.27,0.16,1.44,1.96,0.8,0.64,-0.23,-0.52,-1.02,-0.08,0.16,-0.27,-0.12,-0.88,1.2,1.83,2.85,-0.35,-1,1.11,-0.1,0.28,-0.06,1.34,2.4,2.22,0.81,1.91,0.91,-0.2,0.78,4.08,1.08,0.45,1.29,0.11,1.78,1.52,3.3,1.26,0.55,0.52,-0.99,1.09,0.39,0.12,0.01,-0.83,1.54,1.06,3.65,0.26,0.6,-0.3,0.22,-0.38,2.51,-0.49,0.03,0.23,-0.29,-0.02,0.14,-1.04,0,0.21,0.56,0.55,3.71,0.54,0.26,2.74,-0.41,-0.98,-0.06,1.42,0.56,1.05,0.96,1.64,-0.82,-0.89,0.59,1.79,0.43,4.06,0.18,1.1,-0.27,0.36,0.63,0.97,1.44,0.6,0.13,0.01,0.46
"80-96_Adeno",3.26,3.98,4.7,4.33,-1.56,5.42,2.32,0.41,0.53,3.2,0.56,0.14,5.12,1.73,-0.18,-1.26,-0.2,2.41,0.91,0.6,-0.62,0.37,-0.91,-0.57,1.15,2.14,0.8,-0.28,3.02,0.24,2.31,-0.22,0.55,4.16,0.66,1.41,-0.35,0.78,0.58,3.26,-0.04,1.58,0.18,0.57,0.52,1.51,1.29,3.5,2.68,2.15,-0.22,1.78,-0.72,0.75,0.75,2.5,-0.77,0.73,0.33,0.02,0.33,1.04,0.77,0.98,2.65,-1.67,0.68,0.32,1.76,0.62,-0.28,0.72,0.75,-1.35,1.53,0.67,-0.09,-0.56,-0.01,0.69,-1.13,0.46,2.78,0.29,0.25,0.13,-0.9,-1.64,-0.85,-0.33,1.23,-0.3,-0.96,-0.11,2.33,-0.14,-0.09,1.7,1.64,-0.54,-0.26,1.31,1.6,-0.89,1.74,0.92,-0.6,2.48,1.34,1.43,1.19,1.14,1.89,1.59,-0.58,-0.3,0.93,1.41,-0.4,-1.78,-1.29,-0.55,-0.61,0.54,0.79,0.52,2.21,0.25,2.12,1.34,1.92,-0.15,1.21,-0.44,2.04,0.36,0.32,-0.67,0.19,1.67,-0.43,-0.61,0.09,-0.4,0.48,-0.16,0.85,0.68,0.2,-0.86
"239-97_SCC",4.72,4.01,-2.23,-0.28,3.13,-0.22,3.64,-2.02,4.74,NA,4.83,-2.26,-0.33,4.19,3.54,1.31,-0.21,-0.9,0.98,1.28,2.61,0.93,0.42,-0.57,-0.78,2.13,1.12,3.95,0.42,0.04,NA,0.04,2.29,-0.87,-0.09,-1.87,-0.93,0.28,-2.86,1.08,-0.88,0.31,-0.57,-2.91,NA,0.92,-1.67,2.17,0.29,-2.31,-0.9,-1.54,-0.26,-2.84,-0.32,-2.35,2.69,0.59,1.79,-2.14,0.58,-1.41,0.64,NA,-0.47,0.7,1.37,2.75,1.08,0.15,3.62,0.94,0.29,0.38,1.8,-0.43,1.4,-0.76,-0.59,-1.42,2.08,-0.06,-0.09,-1.62,-0.97,-1.1,0.48,1.39,-1.22,2.38,0.01,0.29,3.34,-3.97,0.08,-0.1,-2.34,2.01,-1.52,-1.97,3.13,0.38,0.71,-0.02,0.38,-1.62,0.92,-2.94,-1.68,-1.92,-0.85,-1.07,-1.36,-1.07,0.01,3.78,2.49,0.64,-0.59,2.51,-0.02,-0.65,3.03,-2.29,-1.02,NA,-0.41,-0.43,-1.53,-0.62,0.56,3.4,-0.69,-1.16,1.2,0.51,-2.93,0.37,0.38,-1.13,-1.86,-0.77,0.92,0.1,-2.49,3.6,-0.37,-0.15,1.15,-1.58
"75-95_combined",-0.46,1.15,-2.43,0.1,0.03,-0.6,-0.57,0.45,2.98,2.43,2.37,0.5,-0.27,1.17,4.35,0.84,1.26,0.11,0.69,1.7,-0.39,-0.13,-0.49,1.16,0.49,0.87,0.84,3.04,0.05,0.52,0.82,0.76,0.23,4.44,-0.57,0.78,0.15,1.64,0.57,0.29,0.28,-0.89,0.95,-1.2,-0.56,-0.33,1.23,0.32,-0.4,-1.21,1.24,0.55,0,-0.88,0.51,-0.62,1.76,1.85,5.39,0.48,4.32,-0.61,1.84,-0.06,0.52,-0.09,1.45,1.53,-0.59,0.31,1.55,0.68,0.64,0.28,-0.05,-0.74,3.32,0.94,0.85,0.93,2.31,-0.1,-0.55,-0.54,-0.17,1.04,0.38,1.24,1.49,1.81,0.5,-0.25,2.7,-0.27,2.99,0.5,-1.15,0.34,-0.66,-0.08,2.59,0.78,2.35,0.17,0.65,0.75,0.24,1.14,-1.01,-0.66,-1.32,0.51,0.01,0.61,0.04,2.05,-1.41,0.77,-0.16,1.61,0.42,1.66,3.33,-1.83,-1.72,-1.13,-0.06,0.33,-0.51,1.17,0.81,1.58,0.58,0.97,0,0.85,0.27,1.2,0.55,0.24,1.44,-1.14,0.65,-0.02,-1.34,2.25,-1.07,1.29,0.18,-0.23
"165-96_Adeno",4.08,3.89,1.63,5.94,-1.65,2.41,2.84,1.28,-1.32,-0.89,-1.05,0.36,5.5,1.99,-0.91,-0.39,1.95,5.23,-1.15,-1.64,1.95,0.63,0.04,1.69,3.94,-2.52,1.04,-0.06,1.96,3.07,5.12,1.78,-1.54,1.72,0.5,-0.3,2.4,0.33,0.33,4,0.44,-1.96,2.02,1.49,0.24,2.88,1.88,-1.89,3.33,1.45,1.65,0.49,1.84,-0.02,0.25,-0.04,-1.11,-1.44,-0.67,1.69,-1.04,0.83,-0.57,0.84,4.07,-1.28,0.8,-1.4,0,4.13,-0.24,0.99,1.13,-1.06,2.98,1.72,-0.61,1.18,1.51,1.11,3.92,0.45,-0.95,2.4,3.98,1.92,-1,-1.49,-0.94,-1.07,0.47,0.07,-0.91,-0.03,-0.8,1.68,-0.24,-0.05,0.72,0.05,-1.1,0.02,-2.3,0.74,-1.71,1.38,1.53,1.48,-0.15,3.22,2.23,1.95,-0.01,2.48,2.71,0.04,-1.56,-0.03,-0.38,-1.21,-1.01,-0.13,-0.39,0.42,1.1,0.9,2.88,-0.29,0.36,0.42,2.38,-0.94,0.53,1.11,1.39,0.62,1.81,-0.62,4.24,1.83,-0.1,-0.42,0.2,1.2,1.91,-0.56,-1.16,0.01,0.02,1.22
"166-96_SCC",3.85,3.25,-0.7,-1.76,-0.97,0.98,2.8,-5.26,5.11,3.03,5.42,-4.6,-0.61,2.13,2.06,NA,-1.48,-1.08,-0.72,0.84,1.73,-0.12,-0.65,-1.09,-2.13,NA,2.51,3.14,1.58,-0.08,-1.06,-1.99,0.39,0.48,-1.11,-2.58,-2.71,-2.98,-2.21,-2.56,-0.97,-0.96,-1.56,-4.37,-3.9,5.08,-1.02,3.34,-0.71,-2.78,-0.62,-0.59,-1.58,-0.57,0.83,-2.56,-2.3,1.25,2.81,-2.61,1.23,-2.4,1.53,-3.14,-0.86,-0.83,-2.5,4.07,3.97,-1.83,2.07,-2.44,2.75,-0.86,1.57,0.09,2.52,0.85,-1.49,-0.88,0.71,1.96,1.14,-2.75,-0.52,-1.17,NA,1.06,1.72,-0.23,2.73,3.97,4.71,-1.17,3.6,-1.18,-1.13,0.8,-2.68,0.14,1.76,2.5,2.29,0.47,-2.07,0.78,0.88,0.5,0.14,0.66,-0.05,0.36,-1.06,-1.29,1.63,5.13,3.64,1.8,-1.53,-0.77,-1.12,-1.28,3.37,-1.74,-1.82,-2.19,-0.4,-0.55,-3.24,-1.18,-0.63,3.44,3.14,-1.57,1.07,-0.11,-0.87,0.17,-0.65,-0.14,-1.95,1.54,0.03,0.57,-3.12,2.84,-1.33,0.89,4.52,-1.81
"42-95_SCC",3.45,2.23,-2.62,-0.92,-1.58,-1.89,2.36,-1.21,3.41,3.12,4,-3.03,-1.01,1.06,2.86,2.94,0.48,-0.5,3.33,-1.24,-0.7,-0.69,-1.15,1.06,-1.72,0.65,-2.12,3.42,-0.44,-0.07,-0.38,0.29,2,-0.61,-0.66,-1.77,-1.36,-2.16,-2.18,-1.37,-1.54,-2.07,0.24,-2.81,NA,1.52,-2.87,0.6,-0.79,-1.49,1.35,-2.24,-0.09,-2.48,0.11,-2.35,1.66,-0.94,3.1,-2.66,0.63,-3.11,0.42,-1.14,-1.57,-0.72,-0.4,3.12,2.8,0.84,0.92,-0.69,1.64,-1.94,1,-1.67,1.83,1.38,-1.54,-0.63,0.95,1.26,5.58,-1.85,0.04,-1.18,-0.61,-0.91,0.71,-0.24,1.46,0.07,2.12,-0.53,2.8,0.5,-1.78,0.37,-1.11,-1.93,1.36,0.4,0.15,1.24,2.01,0.5,-0.52,-1.99,-2.09,3.49,-1.27,-0.74,-1.62,-0.77,-0.01,2.23,2.12,2.36,-0.6,0.13,-0.98,-0.07,0.93,-1.24,-1.73,-2.49,0,-0.99,-1.37,-0.38,-0.43,1.25,0.79,0.16,0.01,2.39,-1.26,-0.52,-0.33,-0.7,-2.33,-2.44,-0.23,-0.82,-1.97,2.65,0.41,-0.2,0.57,-0.83
"204-97_Adeno",-0.62,-2.15,-3.27,-1.84,3.16,-2.49,-0.6,0.89,-1.95,-0.5,-1.2,2.3,-1.11,-0.9,-0.58,NA,-2.43,-3.91,6.6,-0.26,-1.73,0.51,3.03,-2.4,4.28,-0.91,-3.87,1.73,-0.47,0.61,-2.59,-2.57,-0.87,-0.41,-0.09,3.78,1.93,2.32,2.99,-0.4,4.11,0.65,-1.98,1.08,1.76,-2.88,0.6,-2.5,-0.29,1.78,-2.14,-2.81,1.11,1.49,3.77,0.46,-0.68,0,-0.06,0.41,0.25,1.97,-3.22,2.4,-1.93,-1.97,-0.69,-1.3,-1.65,-0.99,-0.98,-0.47,-0.89,-1.22,2.74,4.09,0.58,-2.81,-3.03,-0.34,0.63,-1.57,-2.33,1.73,-0.4,-2.38,-0.48,-1.9,-1.42,-1.96,-0.7,-0.32,-0.13,1.87,-1.79,-2.21,1.1,-3.72,-0.51,-1.13,-1.26,-2.01,-4.69,-1.04,1.81,1.54,1.13,0.49,1.58,-1.55,2.56,0.72,3.73,0.9,-0.86,-0.14,-0.63,-0.89,1.6,0.25,-0.79,-2.37,-0.98,2.43,-1,-0.57,-0.56,0.51,0.96,0.63,2.39,-0.57,-1.76,-2.39,-1.03,0.79,-0.1,-1.2,-0.53,0.14,-0.92,-0.17,0.17,-1.97,0.41,-1.1,1.23,-0.83,-0.48,0.59
"245-97_SCC",5.1,5.27,-2.22,-1.66,-1.37,-1.17,4.13,NA,3.65,-0.37,3.56,-2.6,-1.42,3.25,3.59,-0.45,-0.44,-0.42,-1.33,0.6,2.86,-1.6,NA,-0.82,NA,1.97,0.39,3.15,3.29,-1.2,-0.57,-0.54,NA,-0.82,NA,-1.82,-2.26,-1.95,-2.3,-0.79,NA,-2.16,-0.59,NA,-3.05,3.51,NA,0.04,-1.06,-2.48,-0.64,-1.3,-2.01,-3.62,-0.41,-2.35,NA,0.96,2.75,-1.75,0.42,-2.59,0.33,-1.54,-0.93,-0.42,-2.01,NA,NA,-2.76,2.44,-2.08,0.36,-0.46,0.64,-1.29,-0.84,-1.94,-2.46,NA,0.66,0.1,-0.24,-2.22,0.01,-0.68,0.13,NA,NA,0.57,-0.3,2.09,NA,-2.06,3.05,-0.68,-1.82,0.78,NA,-1.68,NA,-0.6,2.05,2.83,-0.97,0.04,-0.84,-1.64,-0.64,0.21,-2.15,-0.71,0.13,NA,-1.2,NA,2.34,1.46,-0.5,1.05,-0.1,-0.04,NA,NA,NA,1.2,-1.8,-2.33,-1.52,NA,0.16,0.11,-0.53,-0.66,2.07,-0.51,-2.02,0.36,-1.06,-0.86,-2.24,-2.39,0.46,0.57,0.03,NA,-0.74,-1.15,-0.18,-1.16
"245-97_node",5.69,6.02,-2.26,-2.45,NA,-2.05,5.43,-4.95,1.04,4.04,0.84,-4.07,-0.65,4.4,3.94,-0.96,-2.46,-0.25,-1.98,1.45,3.35,-1.91,-1.85,-2.73,-3.05,0.28,1.39,4.06,2.6,-0.89,-0.95,-2.43,0.62,-1.39,-1.52,-2.62,-3.56,-2.8,-2.53,-0.23,NA,-3.12,-2.06,-3.78,-4.99,2.57,NA,1.45,-1.08,-2.88,-2.2,-2.02,-1.25,-3.78,-1.83,-3.2,0.63,1.94,2.85,-2.79,0.46,-3.98,0.63,-1.85,-1.99,-0.22,-1.62,3.05,-1.17,-2.64,3.84,-1.65,-0.92,-0.62,0.34,-2.29,-0.46,-3.11,-2.57,-2.07,0.78,-1.05,-1,-3.89,-0.01,-1.58,-1.38,2.43,0.97,-0.98,-0.43,2.99,4.87,-2.81,0.78,-2.16,-3.36,0.52,-1.49,-3.3,4.13,-3.57,-0.13,2.53,-0.32,-2.34,-0.79,-3.17,-1.15,-0.27,-2.27,-2.75,-1.07,-1.35,-2.59,NA,2.48,2,-1,3,-0.09,0.59,4.52,-2.26,-1.22,-1.65,-2.18,-2.41,-2.83,-1.99,-0.59,0.55,-3,-2.26,2.62,-0.95,-2.6,-0.64,-1.04,-2.51,-2.91,-3.58,0.26,0.87,-0.65,5.16,-2.43,-1.59,-0.92,-0.03
"58-95_SCC",4.29,5.09,0.23,-1.74,-1.95,0.96,3.58,-4.65,3.64,3.97,3.35,-4.12,NA,3.13,5.26,-1.56,-3.92,-1.01,-1.42,2.41,2.45,1.52,-0.76,-3.86,-3.13,0.77,2.4,4.28,0.66,-0.33,-0.75,-4.73,3.97,-1.64,-7.95,NA,-1.62,-1.07,-2.88,0.08,-0.98,-1.22,-1.43,-2.38,-2.95,2.67,0.95,2.62,0.11,-3.11,-3.83,-1.46,-1.81,-2.27,-2.82,NA,-1.29,2.74,4.67,-3.69,2.68,-1.95,3.41,-1.71,-0.97,1.97,-3.02,4.03,NA,-0.39,2.01,-2.57,1.77,1.87,2.06,-0.5,-1.01,0.64,NA,-2.13,2.34,1.04,-1.15,0.36,NA,-1.95,-0.75,0.33,1.4,0.43,4.13,3.2,4.76,NA,1.62,-3.52,-0.17,1.25,-0.79,NA,3.19,-1.81,NA,1.53,1.73,-2.52,2.43,-2.17,-1.1,2.99,-1.15,-3.04,-1.43,0.14,-4.45,3.39,0.99,2.66,NA,2.01,1.18,-0.95,2.46,NA,0.68,-1.14,1.14,-0.24,-1.23,-1.04,-2.08,4.48,-1.53,-4.11,3.05,-2.01,-3.31,-0.65,-1.28,-3.22,-1.95,-3.67,-0.23,NA,-1.38,NA,0.41,-0.43,-0.71,-1.42
"132-95_Adeno",-1.4,-1.63,0.06,0.97,-1.23,1.23,-1.11,0.85,1.44,-0.69,1.7,0.01,-1.05,-1.69,-0.91,-0.18,0.41,-0.75,1.64,-2.8,-0.82,0.14,3.33,0.35,0.35,-1.77,-2.23,1.18,-0.36,-1.37,-0.53,0.11,-0.87,0.22,1.48,2.23,-0.1,-1.42,-0.97,-0.45,0.01,-2.64,0.35,0.78,0.77,-1.29,1.19,-1.52,-0.3,-0.25,0.68,-0.94,-0.85,-1.47,0.38,1.84,0.07,-2.23,-0.07,0.17,-1.17,1.6,2.33,0.53,-0.18,-0.56,0.08,-0.05,-0.45,-0.7,-0.38,-0.72,-1.33,-0.73,-0.83,-0.85,-0.41,0.36,2.51,0.53,-1.55,-2.68,-0.6,1.01,-0.08,2.27,-0.55,-1.63,1.74,-0.1,5.43,0.13,-1.08,0.94,2.49,0.37,1.03,-1.98,1.8,-1.33,-0.92,-0.27,0.51,3.68,-2.43,0.6,-1.44,0.01,-1.11,0.52,0.57,1.03,0.41,-0.97,-0.02,0.52,-0.47,-0.8,3.72,-1.98,-0.55,1.52,-0.61,0.8,-1.04,2.63,1.71,-1.18,2.03,-0.21,-0.31,-0.14,0,-0.24,-0.93,0.57,1.32,-1.36,-0.44,0.57,0.51,-0.79,-0.22,-0.73,1.19,-0.22,0.94,0.53,-0.85,-1.09
"313-99PT_Adeno",1.3,-1.37,1.5,4.65,4.81,1.96,0.77,0.99,-0.28,-0.52,-0.38,1.69,2,0.53,0.01,0.95,2.02,0.41,0.91,-0.72,1.12,2.28,-0.83,1.87,0.07,1.21,1.85,-0.12,0.22,-0.03,1,1.23,0.22,1.87,-0.24,0.41,1.82,1.25,1.41,4.35,1.59,0,1.7,0.71,1.74,-0.71,1.56,0.44,4.32,2.25,1.52,1.93,1.88,2.18,0.58,1.37,1.83,-0.21,0,0.91,-0.56,1.69,-0.97,0.44,1.98,0.18,1.68,-0.49,0.11,0.52,-0.62,1.58,-2.61,0.05,0.06,-0.25,0.11,0.34,0.08,0.62,-1.22,-3.58,0.01,1.54,0.3,0.12,0,1.06,0.69,1.13,0.12,0.16,-0.43,2.39,-0.19,1.25,0.61,-1.46,0.54,-0.47,-0.51,1.78,0.64,0.33,0.77,1.06,-0.53,1.45,1.88,-0.25,0.97,0.38,1.26,0.47,0.49,-0.26,-1.24,0.15,0.85,-0.11,1.42,NA,0.37,0.22,2.69,0.55,0.44,1.5,0.47,0.65,3.19,0.65,1.32,1.56,-0.34,0.64,1.18,0.38,0.5,1.05,1.97,0.27,0.27,0.12,1.3,2.59,0.85,0.5,-0.77,1.35
"313-99MT_Adeno",-1.12,-0.78,1.69,4.06,4.08,2.36,-1.19,-0.22,0.22,-0.38,0.03,1.1,2.89,NA,0.04,0.77,2.95,0.51,-0.04,-0.46,0.81,2.87,-0.89,2.87,-0.58,1.29,1.75,0.12,0.01,0.19,0.9,2.25,0.39,1.53,-0.11,1.42,1.49,0.3,0.33,3.52,0.19,0.27,2.97,0.74,1.44,-0.85,-0.45,2.28,3.04,1.65,1.96,1.65,1.24,1.87,0.7,1.13,2.28,-0.61,-0.08,-0.09,-1.18,1.7,0.33,-0.16,2.31,0.61,1.92,-0.17,-0.52,-0.86,-0.05,1.86,-2.75,1.12,0.44,-0.21,0.62,-0.05,-0.05,0.59,-0.01,-3,-0.21,0,0.02,0.57,0.6,1.84,0.9,2.93,0.18,0.25,-0.41,1.02,0.05,1.73,1.68,-0.21,-0.16,0.39,-0.42,2.69,1.19,0.48,1.12,1.18,0.03,2.85,0.91,0.78,0.58,0.25,0.52,0.07,-0.11,0,-0.36,0.42,0.7,0.02,2.04,1.17,1.05,-0.4,2.25,1.49,-0.13,1.12,-0.04,1.2,2.27,0.67,2.02,1.69,0.17,1.52,0.25,0.66,0.54,1.3,1.98,0.33,0.51,0.33,0.74,0.95,-0.54,0.74,0.3,0.61
"178-96_Adeno",5.28,4.63,3.18,4.97,-0.2,2.97,4.84,-3.14,0,-1.27,-0.07,-2.86,4.9,2.86,-0.96,1.37,1.58,3.53,0.43,0.52,1.13,4.01,-1.97,1.48,-1.14,0.3,-0.57,-0.43,4.9,0.93,3.31,1.02,0.41,1.01,-1.05,3.2,2.35,3,2.66,5.81,3.45,0,1.48,1.03,2.09,-0.57,0.46,-2.26,6.05,1.25,1.48,-1.3,3.57,1.91,0.47,1.12,0.33,1.01,-0.43,2.6,-1.43,2.16,-0.63,0.11,2.85,0.38,0.86,-0.39,-1.32,-0.13,-1.16,0.75,0.46,-1.01,2.39,-0.6,-0.95,0.49,2.11,-1.26,0.89,-0.23,-0.35,2.07,0.54,1.81,0.32,1.25,-0.06,1.53,-0.44,0,-0.35,1.28,-0.54,0.68,0.39,-1.44,1.09,0.39,-1.07,0.56,-0.05,0.23,2.68,0.52,0.55,1.99,NA,-0.47,-0.86,0.04,4.15,2.19,0.99,-0.3,-1.92,0.62,0.17,0.14,1.09,NA,0.35,-1.78,0.35,0.5,-1.48,-1.35,1.37,-0.67,3.1,0.55,0.24,1.51,1.81,0.4,0.28,0.76,NA,0.06,-1,0.41,0.41,0.03,2.22,0.53,1.01,0.18,-0.22,2.26
"246-97_SCC_p",3.35,3.36,-1.91,1.6,-1.21,-0.9,2.23,0.67,4.2,2.9,4.25,-0.62,0.16,1.57,3.66,-0.64,2.24,-0.94,-0.63,-1.38,2.3,0,-1.02,2.17,0.95,-0.18,0.03,3.29,0.39,-0.68,-0.31,1.47,0.43,-1.47,0.47,-0.68,-1.15,-1.36,-0.91,-0.36,-0.19,-0.49,1.47,-1.38,-2.33,2.98,0.79,0,-0.23,-0.74,2.5,-1.34,-0.34,-0.77,-0.82,-1.3,-0.33,-1.08,2.87,-0.19,0.99,-1.82,0.67,-0.79,-1.26,-0.97,1.7,2.15,0.49,-1.44,2.16,1.82,1.01,-1.44,0.95,-0.43,1.08,0.52,-0.46,NA,0.69,0.27,0.07,-1.36,0.1,-0.02,-0.59,0.42,-1.26,-1.25,1.6,0.39,1.05,-1.19,3.11,1.52,-1.94,-0.01,-1.61,-0.14,3.27,0.86,0.67,0.79,1.42,0.71,0.52,0.63,-0.84,-0.98,-1.2,0.3,-1.11,-0.96,-0.26,2.57,2,1.89,0.43,0.66,0,-0.28,2.07,0.36,-1.94,-1.65,0.68,-0.8,-0.76,0.68,-0.71,2.25,0.57,1.7,1.33,-0.14,-0.7,-0.13,-0.15,-0.06,0.46,0.28,0.05,0,-1.68,3.2,-0.4,0.2,-0.69,-1
"246-97_SCC_c",3.71,3.93,-3.52,-2,-1.34,-1.91,2.77,-2.66,2.89,3.32,3.3,-3.89,-0.95,2.78,4.18,-0.99,1.6,-1.45,-1.39,0.35,2.91,0.12,-1.68,1.55,-2.76,0.28,-0.96,4.18,-0.72,-0.84,-0.41,1.07,3.79,-2.1,-1,-1.87,-3.28,-1.88,-3.02,-0.2,-0.65,1.45,1.08,-3.28,-3.12,1.83,-0.76,-0.43,-0.22,-2.13,1.43,-2.9,-0.94,-1.08,-1.11,-2.98,-0.41,0.33,3.52,-3.04,1.37,-3.1,-0.14,-2.4,-1.11,-0.9,0,4.24,1.1,-2.52,3.01,-0.03,1.23,-1.37,-0.22,-0.93,-0.09,-0.15,-1.13,-0.84,0.16,0.58,0.73,-3.18,-0.26,-0.44,-0.83,0.92,-0.44,-0.88,1.42,-0.64,0.56,-2.29,2.6,1.5,-1.6,0.9,-2.52,-0.98,3.45,0.57,1.15,1.69,0.68,0.15,-0.47,-0.57,-0.61,-0.53,-0.37,-0.63,-1.12,-1.57,-1.23,2.08,2.46,1.11,-0.34,0.54,-0.63,-0.38,1.93,-1.35,-1.43,-1.96,-0.99,-1.34,-1.76,-0.72,-0.22,3.62,0.26,1.02,1.41,0.38,-1.89,-0.6,-0.68,-0.77,-1.74,-1.11,0.32,-0.94,-0.33,3.19,1.11,-0.17,-0.85,-1.27
"180-96_Adeno",1.94,0.37,-0.05,2.7,3.79,0.97,1.19,-0.26,-0.16,-1.85,0.1,1.58,1.58,0.83,-0.92,0.97,2.62,0,0.22,-1.44,-0.82,2.04,2.85,2.43,-0.37,-0.36,-2.06,-0.02,-0.19,-0.07,0.44,2.23,0.06,2.64,0.05,2.82,0.67,0.55,0.78,-1.01,1.5,-0.2,2.19,-0.08,-0.16,1.9,-0.01,-2.24,-0.17,-1.47,2.42,-1.8,0.65,1.26,1.66,0.47,0.15,-0.93,0.05,-0.24,0.01,-0.07,-1.27,1.28,-0.31,-1.13,2.6,-0.08,-0.04,-0.66,-0.51,2.51,-1.11,-1.37,-1.38,2.06,-0.23,1.93,1.68,0.38,-2.08,-1.45,0.26,1.82,0.16,1.08,0.2,0.28,0.37,1.05,3.11,0.14,-0.16,0.14,0.14,1.73,0.53,-1.82,0.46,0.61,0.01,0.51,0.31,-0.21,-1.47,0.61,0.18,0.98,0.76,3.92,0.6,1.36,2.67,-0.27,-0.91,-0.8,-1.25,0.03,2.6,-0.01,-0.04,2.15,-0.31,0.45,-0.36,0.36,-0.65,-0.21,1.36,0.37,0.63,0.15,0.18,2.14,-0.75,0.2,2.64,-0.22,1.46,1.54,0.11,-0.15,-0.13,1.09,1.02,0.35,0.17,0.14,0.19,0.97
"181-96_Adeno",-2.13,-1.42,-0.76,2.64,-0.81,0.46,-1.49,1.32,-1.31,-1.8,-0.9,1.39,-0.3,-0.95,0.02,-0.88,-1.39,-0.75,-0.89,NA,-1.29,-1.56,6.09,-1.4,0.76,0.78,1.67,-0.15,-0.45,0.42,-0.17,-1.67,-1.17,-2.19,0.91,0.56,0,-1.82,1.46,0.39,0.76,4.93,-1.6,1.55,1.59,-0.15,-0.49,-0.76,0.52,1.83,-1.04,-0.18,2.62,-0.12,0.58,-0.76,3.9,-2.56,0.15,1.4,-0.01,2.36,-0.24,1.72,-0.93,-1.78,-1.52,0.76,0.63,-0.44,-1.1,-1.5,0,-1.69,-1.45,3.89,0.5,-0.28,1.74,1.64,-1.75,-0.46,-0.69,1.35,-0.59,1.67,-0.46,-1.75,1.71,-0.09,-0.38,-0.99,0.9,1.06,-1.35,-1.38,1.15,-1.26,-0.04,-0.12,-0.93,0.09,-0.35,-1.23,2.32,0.51,-0.44,1.63,2.73,0.14,-0.06,2.02,2.01,-0.32,NA,1.2,2.71,-0.58,1.6,-0.56,-1.44,1.59,-0.65,1.94,0.19,-1.21,1.52,1.35,1.26,2.81,-0.22,0.21,0.41,-1.36,-0.61,0.81,0,-0.53,5.05,2.12,0.58,0.77,-0.09,1.27,0.97,0,-1.57,-0.33,-0.42,0.72
"184-96_Adeno",-3.83,NA,NA,4.41,NA,NA,-3.17,NA,3.3,NA,3.29,-1.06,5.92,-3.58,-1.52,-6.66,-0.68,-0.56,0.55,3.11,-6.14,6.33,NA,-1.22,-2.7,5.24,-2.2,-4.06,-3.94,4.99,-1.76,-1.04,4.66,2.92,NA,-1.16,-4.25,NA,-0.72,2.92,-3.95,4.44,-0.04,NA,NA,NA,NA,NA,-0.19,-1.96,-1.17,3.14,NA,NA,-3.28,NA,-3.26,NA,NA,-2.95,-3.08,NA,0.86,-2.71,3.45,-1.15,0.11,NA,-0.7,-0.36,NA,0.48,2.71,NA,-0.62,-2.86,-0.95,0.68,NA,-4.25,-2.81,2.63,0.21,-4.21,-1.89,-4.83,5.87,-1.09,NA,NA,1.44,NA,NA,-2.7,-2.69,-0.82,1.76,2.72,NA,-1.91,-1.48,NA,3.78,-5.06,-1.4,-2.72,-5.24,1.93,-0.41,NA,3.43,-1.74,-1.56,1.79,NA,-1.08,NA,2.07,NA,NA,-3.48,-5.1,NA,NA,NA,NA,1.45,-3.36,0.44,-2.24,-0.92,-2.63,-2.37,-1.15,-0.61,-2.39,-1.68,-3.54,-1.46,-2.57,-1.36,-2,-1.97,NA,-3.59,-0.95,-5.35,-1.92,3.68,-1.84
"184-96_node",-3.29,-2.09,5.8,1.77,-1.32,6.05,-1.69,-5.3,3.98,3.48,3.62,-1.21,3.48,-2.12,0,0.14,1.97,-0.08,1.8,1.52,-2.42,1.12,3,1.81,-2.69,2.04,-2.5,-1.26,-0.16,3.36,0.12,1.9,2.2,2.44,-0.35,-1.42,-5.05,-2.6,-0.21,0.32,-0.65,1.83,1.95,-3.77,1.54,-1.66,-3.34,4.19,0.29,1.34,1.95,1.62,0.21,1.79,0,1.08,-1.27,1.37,0.34,-2.97,-1.07,1.71,-0.1,-3.07,2.57,-0.96,2.38,2.39,0.54,-1.45,2.45,2.54,2.17,-1.17,-0.56,-1.27,0.27,1.66,-1.91,-1.21,-2.06,1.68,1.32,-2.78,0.24,-1.45,2.52,NA,2.91,-0.48,-0.01,0.1,-0.4,-0.89,0.02,1.38,-0.43,1.02,1.1,-0.77,-1.1,0.44,3,-1.95,-0.26,1.16,-2.35,1.56,-0.12,4.17,1.21,-0.09,0.32,1.1,-1.31,-0.34,2.16,1.63,-0.41,-0.95,-0.57,-1.51,-0.37,-1.3,-1.19,-3.13,0.19,-1.48,-0.67,-1.06,-0.59,-0.7,0.34,1.22,-0.55,0.14,-1.71,-0.31,-0.32,-0.17,-1.39,-1.63,0.76,-0.53,-1.65,-0.55,-1.12,-0.66,1.64,-2.02
"248-97_LCLC",-2.86,-2.8,-0.2,-2.11,4.03,-1.43,-1.03,-0.24,-2.23,-2.26,-1.88,-2.4,-1.24,NA,-2.23,-0.58,-2.35,-0.84,-1.85,-4.08,-3.55,-3.71,1.76,-2.46,-1.27,3.83,2.24,-0.91,-1.38,-2.54,-0.36,-2.95,-4.13,-1.04,-0.56,-0.9,-3.22,NA,-2.44,-0.33,-3.2,1.4,-3.03,-2.88,-1.08,-3.4,-3.31,0.7,-0.61,-3.21,-1.9,4.42,1.56,-3.07,-1.35,-2.8,-0.76,-3.33,-2.01,-0.98,-2.2,-0.79,1.31,NA,-0.33,1.16,-1.67,0.28,-0.68,-0.71,2.01,-1.37,-0.85,0.68,0.31,-0.38,-0.41,-2.98,-3.05,-1.05,-1.66,-1.04,1.03,-2.79,0,-3.05,-0.88,-0.73,-1.05,-0.66,-0.24,-2.13,-0.75,-2.58,0.09,-1.74,-3.74,2.17,-2.45,2.86,0.77,0.95,-0.09,-0.32,-0.01,-2.42,-1.18,-0.15,-1.41,1.77,-1.13,-0.73,-1.43,-0.24,0.41,-1.07,0.2,-3.03,-0.21,-0.12,1.73,0,0.82,0.19,-2.55,-0.37,0.5,0.18,-3.18,-0.3,-0.11,0.25,0.88,-1.43,-1.03,-0.46,-2.03,2.15,-0.16,-0.89,NA,1.57,-2.34,1.87,-3.3,-0.7,-0.88,2.94,-0.51,-2.59
"185-96_Adeno",5.35,3.61,4.15,3.29,4.24,4.85,4.64,0.91,-1.09,-0.78,-0.91,2.02,3.38,3.06,-1.31,-0.54,1.66,4.03,4.88,-0.07,3.1,2.22,-1.52,1.42,0.55,-1.56,0.14,-0.31,-0.47,0.69,3.91,1.06,-2.13,1.73,-0.45,3.08,2.23,2.3,2.36,1.46,-0.31,-0.16,1.48,0.78,1.88,2.53,2.05,-0.7,1.24,2.11,1.39,0.08,2.91,1.64,0.68,1.88,-0.47,0.18,-0.59,0.52,0.52,1.86,-1.98,1.29,3.88,0.58,1.97,-0.83,1.43,0.98,-1.24,1.71,-0.15,-0.84,0.04,0.64,-0.56,1.02,0.36,1.11,2.23,-0.73,3.68,0.88,0.73,1.21,-0.28,-0.77,-0.66,0.78,0.46,-0.32,-0.98,1.24,-0.18,0.93,0.29,-0.88,1.53,0.38,-0.83,1.42,-0.11,-0.15,0.39,0.54,2.01,2.5,2.36,-0.67,2.04,NA,0.89,4.27,0.73,-0.42,NA,-0.89,-0.68,-0.06,-0.26,NA,-0.37,1.38,1.67,0.96,1.86,1.8,2.48,0.98,1.95,-0.46,1.31,1.1,1.81,NA,1.13,0.59,0.83,1.5,1.08,0.73,0.28,0.31,1.54,-0.13,0.35,1.11,-0.35,0.87
"187-96_Adeno",-0.01,1.49,-1.52,3.76,2.85,-0.51,-0.41,0.76,-1.53,-1.98,-0.61,1.27,1.57,0.31,-1.21,-5.37,1.62,0.97,4.32,-0.26,0.8,1.26,1.98,1.09,1.82,-0.86,1.17,0.34,-0.88,-0.18,0.64,0.65,-3.8,NA,-0.52,2.47,1.54,0.23,1.65,-0.85,3.79,0.67,1.53,0.42,1.3,-2.06,0.79,-1.27,0,0.89,1.52,2.9,NA,1.93,3.04,-0.78,2.1,-0.95,0.64,-0.07,0.32,1.62,-0.49,1.9,-0.45,-0.08,1.95,-0.72,-0.83,-0.66,-1.17,2.82,1.52,-1.25,-0.09,2.91,1.43,1.52,0.01,0.34,-2.12,0.62,-0.57,2.04,0.01,0.23,-0.77,0.78,-0.59,0.73,NA,-0.73,-1.04,1.17,-1.41,1.1,1.78,0,1.88,-0.45,-0.75,-0.83,-0.23,0.27,-1.52,NA,-1,1.93,NA,0.46,0.22,0.75,2.77,-0.58,0.22,-0.74,1.68,-0.36,0.06,-0.32,-0.58,NA,0,1.28,1.08,2.52,0.69,1.49,NA,1.24,2.45,-0.68,-0.67,1.06,-0.26,NA,3.07,0.23,-0.81,0.3,0.75,1.21,0.43,-1.16,0.14,-0.14,0.85,-0.18,-0.52,1.57
"191-96_Adeno",-1.07,-3.78,0,-3.79,6.38,-0.05,-0.92,0.18,-0.9,-2.52,-0.73,-1.26,-3.33,-1.1,-4.76,-1.27,-2.1,-2.1,0.16,-2.48,-3.72,-2.39,4.4,-2.24,-2.36,1,0.99,NA,-1.6,-3.51,-0.87,-2.27,-2.55,3.29,-2.33,-1.06,-1.47,-1.27,-2.65,-1.91,-3.78,4.93,-2.38,-0.16,-1.67,-3.12,-3.67,0.89,-0.52,-3.19,-1.87,4.68,2.57,-4.77,-0.25,-2.78,-2.45,-3.14,-1.36,-2.17,-1.66,-0.76,1.65,-2.78,0.98,1.23,-1.27,-0.77,-3.47,-0.75,-1.06,-1.69,-3.6,1.51,0.38,1.7,2.22,-3.18,0.59,-2.54,-3.7,-3.98,-0.01,-2.71,-0.3,NA,2.5,2.67,0.02,-2.32,-1.84,-2.3,-0.29,-2.42,-0.19,-1.73,-2.56,3.34,-0.91,0.93,-0.09,-3.3,-1.33,-2.39,0.64,-3.26,-3.75,-1.84,-2.9,-1.18,-0.19,-0.71,-3.4,-0.71,-2.03,0.61,0.9,-2.21,-0.69,-0.94,1.53,-1.37,-1.03,0.31,-1.28,-0.6,0.67,2.98,-2.89,0.12,-0.4,-0.66,-3,-2.23,1.02,0,-1.96,3.43,-1.27,-0.23,-1.18,-0.25,-2.48,3.6,-2.49,-3.21,-2.54,1.74,-1.95,-4.16
"314-99_SCLC",-1.79,1.6,1.5,-2.99,-2.06,-1.38,-1.51,-1.38,-1.87,-1.87,-2.78,-4,-1.06,-2.79,-2.59,0.86,2.02,0.55,-0.95,-0.14,-1.91,-2.14,-1.75,1.47,-1.86,-1.45,2.18,-1.22,1.71,3.84,-0.07,2.24,-0.59,-0.05,0.32,-2.68,1.15,1.15,-2.48,-0.22,-1.1,-1.16,2.02,-0.52,-2.69,-1.06,-0.17,-0.87,-0.31,-3.51,1.67,-0.55,-0.73,-2.36,-1.91,-4.95,-0.9,0.28,-1.6,-0.34,-3.5,-1.65,-0.48,-1.9,1.22,1.94,2.21,-1.09,-1.37,3.85,-0.95,1.54,1.5,1.71,-1.07,-2.21,-2.79,2.52,0.52,-1.64,NA,1.12,-0.73,-1.96,4.89,0.75,3.42,-0.42,-1.47,-0.34,-0.75,-1.45,0.47,1.71,-1.46,2.2,-2.65,-0.54,-1.74,0.2,-0.01,-1.55,-1.37,2.17,-1.46,-1.31,-0.34,-0.7,-2.61,-1.27,-1.63,-2.56,-2.72,0.7,1.57,-1.28,0.03,2.74,-0.44,4.99,2.4,1.42,-0.4,-1.82,0.94,-0.03,0.01,-2.16,-1.71,-2.59,-0.21,-5.2,-1.58,1.75,-1.51,-0.6,-1.8,1.08,0.73,-1.94,-0.72,0.2,-0.92,1.83,0.71,-0.15,-0.08,-1,1.7,2.14
"314-99_normal",0.55,-1.6,0.29,1.36,2.36,-0.11,0.3,0.87,-0.93,-0.39,-0.94,1.58,0.06,-0.86,0.51,-0.77,-3.01,-0.31,1.53,1.56,1.61,-0.48,-0.01,-2.83,3.28,-0.52,-4.41,-0.92,-1.38,-1.57,-0.69,-2.68,1.2,0.1,4.4,2.39,0.14,-0.15,1.95,-0.23,1.12,4.25,-2.4,0.55,0.87,1.77,1.29,1.16,-0.33,-0.71,-2.56,0.49,-2.21,1.17,3.67,2.24,2.51,1.48,-0.6,2.14,2.23,0.75,-3.21,2.3,-0.61,3.7,0.03,-0.1,-4.61,1.18,1.89,-0.11,-2.03,3.58,-0.56,1.13,-2.9,-0.5,1.77,3.65,-0.41,-2.27,0.32,0,0.16,1.34,-1.04,-0.98,-0.71,-1.8,-0.86,-0.29,-0.58,-0.36,-1.88,-2.57,0.38,-0.15,0.03,3.65,2.08,-3.1,-2.52,1.52,-1.67,-0.99,1.33,2.24,-0.84,-1,1.86,-1.55,-0.34,1.26,3.36,-0.87,0.54,-1.89,3.71,0.34,1.92,0.53,0.11,2.2,-0.04,0.54,3.43,1.53,0.63,1.86,-0.34,0.24,-3.21,-1.87,-0.12,-1.93,1.58,4,-0.16,-1.02,1.27,2.38,-1.18,-1.73,0.11,-1.53,1.86,3.32,1.87,0.72
"256-97_LCLC",-0.62,-1.52,-2.96,-0.77,-1.19,-1.24,-0.51,-1.29,-2.12,-2.1,-1.94,-2.77,0.29,-1.42,-1.18,0.84,-3.55,-0.25,-0.66,-4.9,-2.49,-2.47,2.99,-3.75,-1.35,2.87,-0.69,-0.75,-0.19,-0.27,0.47,-4.31,-0.84,-1.17,0.3,-1.57,-3.49,-1.7,-2.72,-0.15,-0.8,-0.25,-4.26,-3.39,-3.98,1.14,-3.08,NA,0.46,-0.82,-3.25,1.45,0.05,-3.54,-0.45,-1.41,0.23,-3.43,-0.55,-2.56,-2.08,-3.24,-0.12,-2.14,0.38,1.18,-2.76,0.15,-0.44,-1.94,-0.89,-2.86,-4.38,0.86,2.71,-0.34,2.96,-3.92,-0.92,-0.92,-2.69,-3.18,-0.35,-2.59,-0.26,-0.51,2.97,-3.78,1.75,0.12,0.75,-0.3,-0.21,-2.35,-0.63,-3.36,-4.75,1.28,-1.7,-1.9,-0.19,-0.62,0.01,-0.85,2.36,-0.43,-0.8,-1.99,-2.55,-0.71,0.73,0.08,-2.04,-1.12,-0.55,2.02,-1.52,-0.64,0.09,-0.95,1.12,-0.37,-0.22,-1.32,-2.39,-2.71,1.16,0.77,-3.13,-1.33,0.49,2.09,-0.37,-3.67,1.05,0.19,-1.01,1.15,-0.65,0.18,-0.46,-1.72,0.03,3.01,-2.75,1.36,-2.62,3.53,-0.14,-1.74
"257-97_Adeno",-2.23,-1.73,-3.01,-0.98,-1.2,-1.98,-1.74,-0.83,-1.72,-1.23,-1.14,1.49,-0.44,-0.62,0.6,0.56,0.49,-0.19,-0.1,-2.74,-1.24,0.61,0.23,0.01,NA,NA,-0.79,1.15,-0.63,-0.66,-0.2,-0.05,NA,-2.21,NA,-0.5,1.61,1.05,1.44,0.15,2.65,1.31,0.44,1.45,0.53,-1.48,0.01,-1.59,0.84,0.24,0.38,1.27,1.49,1.5,1.76,0.63,-3.6,-2.09,-0.15,0.33,-0.92,1.34,-0.78,1.45,-0.17,-1.21,1.41,-0.83,-0.15,0.18,-1.12,1.24,-0.24,-1.44,-1.95,2.86,1.65,0.8,1.58,-0.02,0.53,-0.4,-1.38,2.27,0.08,1.45,-0.77,-0.82,2.16,-0.37,2.76,-0.65,-0.54,1.61,-0.48,0.12,1.33,-2.39,0.26,-1.17,-2.36,0.58,1.21,-0.4,-0.65,-0.66,-1.19,1.42,3.1,-0.82,0.85,2.47,3.09,2.69,-0.52,-1.07,-1.73,-0.71,NA,-1.94,-0.55,0.76,-0.92,2.98,-0.81,1.97,NA,0.89,1.47,-0.02,-0.85,-0.41,0.4,0.32,-0.1,1.05,2.48,-1,1.96,2.49,0.91,0.41,0,1.05,0.28,-0.37,0.83,-0.71,-0.56,1.92
"198-96_Adeno",-1.01,-1.12,-2.2,-0.35,0.52,-0.08,-0.79,-0.26,-0.53,NA,-0.33,0.67,-0.62,-1.54,0.14,1.1,-0.83,-0.51,0.63,-0.86,0.45,1.14,-1.32,-0.88,1.89,0.47,0.24,NA,0.41,4.88,-0.4,-1.06,-0.16,0.24,1.41,1.42,0.69,1,0.34,0.63,2.45,0.41,-0.54,-0.74,-0.23,-0.15,0.99,-1.39,1.08,0.58,-0.55,-1.52,0.52,0.87,1.84,1.3,1.5,-0.79,0.39,-0.31,1.28,-0.79,-2.58,0.73,0.28,0.1,1.95,-0.32,-1.12,0.48,0.14,1.99,-2.17,1.37,-1.27,2.29,0.84,1.14,1.56,0.73,-0.64,-3,0.16,-0.53,-0.06,1.1,0.27,-0.62,-0.75,1.02,3.03,0.7,-0.43,0.84,NA,-0.77,0.06,-0.58,0.18,1.02,-0.47,-1.11,0.1,1.48,-1.61,0.77,-0.17,1.35,1.38,-1.5,0.39,1.15,1.31,-0.3,1.4,-0.59,-1.35,0.08,1.12,0.96,-0.06,1.23,0.13,1.12,1.21,1.64,1.38,0.6,0.92,1.27,2.21,0.29,-1.65,-0.92,-1.16,1.55,1.78,2.44,0.71,0.74,0.81,0.64,1.08,-0.26,-0.2,-0.03,0.59,2.36,0.97,0.82
"315-99_SCLC",-1.68,-0.06,0.91,-3.43,-1.53,-1.34,-1.37,-2.49,-0.51,-1.17,-2.69,-3.53,-0.97,-2.15,-1.74,4.26,-1.37,1.13,-1.2,0.42,-2.58,-3.78,-0.93,-1.96,-0.97,-1.68,-1.93,-1.23,2.82,1.62,-0.08,-0.85,-0.7,-0.61,-1.62,-1.95,0.43,3.86,-2.09,0.03,-1.23,-2.49,-1.01,0.15,-2.1,-0.81,-1.39,-3.01,0.37,-1.81,-1.38,-2.2,-0.2,-3.09,-1.16,-3.51,-0.95,0.23,-1,-1.09,NA,-2.2,-1.96,-2.48,2,0.32,-0.09,-0.91,-2.95,3.25,-1.01,-0.27,1.71,1.48,-2.39,-1.12,-3.95,2.69,0.43,-1.33,1.54,0.17,-2.4,-2.71,4.67,-0.12,5.84,0.44,-0.75,0.7,1.57,NA,-0.54,2.24,-1.88,-1.02,-3.6,-2.73,-1.57,1.26,-1.43,-2.9,-0.29,-0.78,-1.42,-0.42,-1.68,-2.15,-2.33,0.88,-3.78,-2.31,-3.24,0.12,-1.71,-1.1,-0.03,1.61,-1.28,4.79,0.67,3.15,1.62,-1.9,1.64,0.69,-1.77,-2.17,-1.44,-2.7,1.58,-1.04,-3.14,-1.5,-1.71,-0.25,-1,0.04,3.29,-2.26,-1.05,-2.77,-0.85,2.19,1.08,NA,0.18,-2.26,2.28,1.33
"315-99_node",-4.77,-0.29,-4.83,NA,-2.08,-2.19,-2,-6.22,-2.24,-1.54,-2.24,-4.86,-0.83,0.28,-2.21,7.19,-0.02,-0.25,-1.7,-5.08,-1.59,-3.7,-1.39,-0.01,NA,-3.01,1.03,-0.56,2.35,0.43,-0.42,-0.17,-3.37,-2.24,-0.97,-1.91,-0.41,-0.77,-3.85,-0.37,-1.76,-4,-0.05,0.55,-3.83,-2.81,-3.34,-2.25,-0.18,-3.04,0.3,-1.83,-0.46,-3.69,-1.18,-4.36,0.82,-3.53,-1.6,-1.04,-4.79,-2.75,-2,-3.67,-0.48,-1.95,0.14,-2.02,-1.02,0.85,-1.96,0.25,-0.14,-2.4,-0.75,-1.7,0.05,2.16,1.15,-0.53,1.14,-0.27,-0.71,-3.08,4.35,1.22,4.45,-1.23,-1.54,-0.65,2.85,-1.17,-1.63,1.2,-0.57,-0.09,-4.72,-1.4,-3.02,-0.02,-1.74,-1.18,-0.12,-2.1,-2.22,1.76,-0.06,-1.98,-3,2.54,-3.03,0.31,-1.57,-0.49,-0.63,-1.53,-0.76,-1.51,-2.63,4.89,-1.28,4.12,-0.13,-0.68,0.84,-2.64,NA,-1.68,-1.93,-1.67,1.52,-1.18,-0.9,-0.34,-1.41,1.57,-1.54,-1.26,2.58,0.8,-1.11,-0.13,-0.22,3.39,0.75,-1.13,0.04,-2.47,-0.96,1.13
"315-99_normal",0.52,-0.89,0.25,0.29,0.19,-0.08,0.07,1.07,-1.62,0.7,-1.41,1.82,0.28,-0.5,-1.64,-1.1,-3.96,-1.01,-0.76,1.46,2.22,-0.42,-1.19,-3.72,3.27,-2.41,-2.37,-0.66,-1.09,-1.21,-0.04,-3.99,-3.06,-1.75,4.38,2.76,0.28,0.17,1.44,-1.22,0.92,2.36,-3.78,-0.01,0.86,1.76,1.45,1,-0.96,0.27,-1.27,-2.35,-3.18,0.68,3.3,1.77,4.45,1.44,-0.72,2.25,-1.54,0.92,-3.37,1.92,-0.22,1.91,-0.2,-0.37,-2.73,0.32,2.69,0.25,-1.75,1.66,-1.8,0.75,-2.12,-1.22,1.99,4.14,-0.81,-1.83,1.16,0.37,-0.27,0.91,-1.06,-1.1,-1.01,-2.16,-0.95,1.28,0.12,0.86,-1.49,-3.4,0.27,-1.05,0.82,3.57,1.62,-3.14,-1.91,0.87,-1.33,-1.25,1.58,2.09,-0.36,-0.39,1.76,-1.37,-0.72,0.6,3.02,-1.41,1.95,-1.78,1.66,0.1,2.19,0.56,-0.41,2.01,-0.35,0.85,2.46,1.97,0.36,2.03,-0.72,-1.62,-2.94,-2.36,-0.29,-0.97,1.74,3.78,-0.12,-1.01,1.65,2.67,-1.28,-1.4,0.31,-1.37,1.95,2.57,1.1,0.59
"137-96_Adeno",-1.59,-2.92,-1.51,0.07,-1.12,-0.94,-0.63,1.48,-0.46,NA,-0.54,2.55,0,-0.45,-0.55,0.49,3.67,1.5,2.71,-2.19,0.43,-0.02,0.33,2.99,NA,0,-0.3,-0.35,-0.46,0.95,1.64,3.02,-0.06,-0.14,0.31,1.31,2.14,-0.01,2.09,0.46,1.25,1.82,2.87,1.52,0.11,0.52,3.84,-1.39,0.2,1.18,3.25,-1.12,1.94,1.18,NA,0.83,0.08,-1.74,-0.18,2.22,-0.14,1.17,-1.62,2.16,0.47,-2.08,2.56,-1,-2.04,2.12,-0.82,2.21,-1.79,-0.67,-0.62,3.34,0.24,-0.94,0.88,0.2,-0.18,-1.19,NA,0.83,0.7,0.63,-0.33,-0.27,-0.21,1.52,0.12,0.27,-0.24,1.37,-0.02,2.83,0.64,NA,0.81,0.2,NA,-0.34,-0.44,1.49,2.35,0.91,-0.33,1.6,1.95,-0.38,-0.19,-0.57,1.18,0.75,1.23,-0.36,0.03,-0.99,1.57,0.45,0.65,-0.16,0.14,0.28,1.29,0.57,-1.53,0.19,0.96,0.33,2.17,-0.45,-0.3,2.99,0,0.16,2.06,1.28,-0.09,-0.76,2.23,1.26,0.24,1.53,-0.18,-0.73,1.82,-0.83,-0.74,2.83
"139-97_LCLC",-0.79,-1.45,3.55,2.69,1.79,3.91,-0.92,-5.41,2.22,2.21,1.85,-2.68,3.57,-1.11,-0.03,2.42,0.97,-0.77,-0.06,-2.52,-1.55,-1.66,2.4,0.48,-2.67,4.58,1.2,0.02,0.18,3.97,0.04,0.73,2.28,2.72,-0.61,-1.66,-3.44,-1.55,-1.85,1.88,-1.1,1.37,0.85,-4,-0.83,-0.78,-3.48,1.19,1.91,-0.73,0.68,2.47,-0.35,-0.67,-0.34,1.85,-2.83,-2.09,-0.71,-1.09,0.87,-0.32,0.5,-2.94,2.66,-0.61,0.71,1.61,2.1,-1.58,-0.2,0.63,0.42,-0.97,-0.03,-0.99,-1.53,-1.73,-1.36,-1.27,0.27,0.11,1.74,-1.83,0.32,-0.78,3,1.63,4.18,0.07,0.82,-0.19,-0.24,-1.63,1.04,0.7,-1.51,1.5,-1.22,-2.02,-0.91,-0.53,1.84,-1.63,1.29,0.51,-2.52,-0.32,0.65,3.2,-0.47,-0.09,0.18,2.16,-1.4,-0.49,1.48,-0.17,0.91,-0.31,0.17,1.18,-0.18,-2.3,NA,-2.56,-0.85,0.46,-2.01,-1.51,-0.84,0.17,-0.53,0.53,-0.43,0.76,-1.2,-0.26,0,0.02,-1.55,-1.66,5.06,-0.74,-4.03,0.83,-1.97,1.61,0.38,-1.59
"207-97_SCLC",-1.83,0.88,-2.94,1.92,-1.05,-1.41,0.51,0.92,-1.13,-0.99,-1.22,-0.02,-0.09,0,-2.29,-0.48,-3.33,0.17,4.24,-0.53,0,-1.91,-1.97,-3.69,-0.51,-2.62,-1.71,-0.61,5.32,1.57,0.61,-3.52,-0.7,-2.84,-0.01,1.08,-0.21,-0.59,0.92,-0.27,1.38,-0.33,-2.97,-0.66,-1.3,-0.5,2.27,-1.62,-1.1,1.37,-3.16,-1.3,-0.05,-0.8,1.24,-0.28,1.87,-0.52,-1.13,2.52,-1.75,-0.73,-1.16,-0.55,2.43,1.03,-1.69,-1.35,-1.47,2.23,0.47,-1.69,1.91,0.4,-1,-0.65,-0.91,4.47,2.68,2.81,0.05,0.98,-0.79,-0.35,5.47,2.36,0.64,0.18,-0.75,0.66,0.41,0.12,-1.74,0.85,-0.49,-3.02,-1.34,-0.56,-1.38,-0.05,-0.81,-0.17,0,1.43,1.77,1.49,0.85,1.96,-1.7,-0.32,-1.36,0.74,0.87,-0.7,0.43,-0.83,-1.23,0.19,-0.33,5.08,-0.32,0.95,0,-0.79,-1.59,-1,-0.4,0.89,1.18,1.47,0.62,0.15,-0.28,-3.07,-0.73,0.48,0,1.99,-0.3,0.64,2.57,0.22,2.65,3.93,1.53,0.44,-0.2,1.92,-0.11,3.64
"3-SCC",4.49,5.02,-1.4,-4.05,-1.83,-1.33,3.5,-6.38,3.59,4.51,4.18,-4.67,-1.11,4.43,3.23,-1.18,-1.97,-1.86,-3.56,3.09,3.99,0.15,-2.48,-2.46,-3.35,-1.25,-0.36,4.49,-1.46,-1.65,-1.46,-1.98,1.28,-1.92,-4.01,-3.57,-1.94,-6.37,-3.31,-0.78,-1.64,-0.37,-1.9,-3.35,-0.88,1.36,-3.46,-2.48,-1.06,-2.93,-2.65,0,-1.78,-2.61,-2.22,-1.01,-2.12,2.87,3.96,-2.38,1.93,-0.51,2.05,-3.88,-1.96,-0.17,-2.5,4.24,1.82,-3.35,4.06,-2.33,1.7,-0.43,-1.72,-2.14,-2,-1.98,-2.72,-2.41,2.09,0.38,-2.08,-2.39,0.17,-1.87,-1.65,1.12,-1.1,-4.11,-0.56,3.34,1.28,-1.45,2.72,-2.04,-1.24,3.55,-2.87,0.96,3.22,1.44,1.27,-1.61,-1.45,-0.04,0.5,-0.18,0.86,-0.78,-1.58,-0.96,0.12,-1.12,-2.17,1.9,2.89,1.42,-6.11,0.35,0.69,1.15,0.12,-1.72,-1.75,1.02,-0.96,-2.84,-0.37,-1.59,1.06,2.26,0.67,-2.74,1.74,0.83,-1.58,0.49,0.17,-1.25,-5.01,-3.15,-1.56,-1.76,0.21,2.75,-1.55,-0.25,-1.53,-1.06
"299-99_Adeno",-1.31,-1.19,-3.17,0.02,5.76,-0.66,-0.65,-1.93,-2.71,-1.65,-1.95,-1.11,-0.85,-0.67,0.08,1.51,0.48,-0.68,2.3,-4.26,-1.3,2.85,0.33,1.52,0.19,0.48,3.42,-1.27,0.42,0.68,0.7,0.99,0.9,0.18,-0.45,-0.9,2.22,-0.03,0.62,0.26,1.27,0.62,1.11,0.75,-0.73,-0.15,-1.15,-0.59,0.93,-1.23,1.29,-1.21,1.1,-2.33,-0.46,-1.16,0.38,-2.6,-0.33,-0.44,-0.64,-1.28,0,0.4,-0.2,0,1.69,0,0.2,NA,-1.03,1.3,1.21,0.75,0.06,0.48,1.53,-0.85,-1.22,0.07,1.45,0.64,-0.07,NA,2.86,-0.42,0.18,0.71,-0.02,2.32,0.96,-0.37,-0.38,-0.19,-0.05,0.18,0.04,-0.87,-1.39,0.15,-1.01,1.54,0.37,-0.72,1.44,-0.13,-0.36,-0.83,-0.62,-0.7,-0.73,0.17,0.64,-0.86,-0.05,2.14,-1.52,0.64,-0.11,-0.21,1.1,1.71,-0.35,-0.66,-1.15,-1.83,-1.7,0.57,2.72,-1.12,2.75,1.22,1.16,0.8,0.71,NA,3.06,-0.25,2.46,0.99,0.45,0.88,0.32,3.2,0.85,0.16,0.48,-0.4,0.4,0
"199-97_Adeno_c",-1.94,-1.03,-2.12,-0.89,3.09,-0.89,-1.16,1.72,-0.31,-0.25,-0.54,2.4,0.01,-2.08,0,0.56,-0.49,0.34,5.04,-2.46,0.94,0.32,1.9,0.03,3.25,0.76,-0.54,0.03,0,-0.13,0.24,-0.25,0.27,-1.25,0.93,3.07,0.95,0.16,1.97,1.22,1.78,-0.5,-0.52,1.36,1.5,-0.43,1.57,0.48,1.29,0,-0.06,-1.21,3.23,0.83,4.44,-0.38,NA,-1.48,0.08,0.79,0.15,2.47,-3.4,2.2,-1.69,0.47,0.24,-0.01,0.85,1.58,-1.58,-0.35,-2.13,0.14,-2.01,2.65,1,1.77,1.85,0.59,0.69,-1.72,-0.21,0.6,-0.26,1.8,-0.57,0.26,1.46,-0.93,-0.06,1.17,-0.52,2.84,-1.38,0.17,1.49,-1.98,2.34,0.15,1.2,-0.17,0.64,0.09,-1.99,-2.58,0.4,-1.15,1.17,-0.63,1.14,-1.56,0.27,NA,1.84,-0.52,0.8,0.16,1.07,-0.23,0.13,0.16,-1.38,2.51,0.94,0.97,-0.22,1.19,-0.36,1.55,2.75,0.94,-0.62,0.07,-0.71,-1.35,0.63,-0.71,0.31,-1.05,2,1.58,0.18,0.11,-0.64,-0.18,-0.4,-0.48,-0.56,0.62
"199-97_Adeno_p",-2.78,-2.09,-3.55,-2.23,4.69,-2.35,-1.62,0.44,-1.21,0.11,-1.21,1.45,-0.52,-2.5,-1.24,0.47,1.94,-0.67,NA,-1.43,0.56,-0.95,0.17,1.81,-0.07,0.34,-0.34,-0.75,-0.56,1.74,0.04,1.4,-1.23,-1.76,1.25,2.04,0.75,-1.83,1.66,0.54,0.84,-1.15,1.76,1.41,1.27,-0.88,0.99,-1.15,0.39,2.02,1.29,-0.07,2.77,1.76,1.66,-0.03,0.08,-1.66,-0.25,1.24,1.04,1.73,-1.89,1.79,1.2,-1.19,0.55,-0.88,1.95,0.16,-0.62,0.72,-1.98,NA,-1.53,3.59,1.1,0.59,1.58,1.05,-0.72,-2.31,-0.69,0.28,-0.6,0.78,0.12,-0.42,0.8,-0.27,0.36,-0.22,-1.1,2.97,-0.41,1.98,1.54,-1.67,0.13,NA,0.12,1.76,-0.15,-0.77,-2.86,0.41,0,1.24,1.03,-0.49,-1.07,1.78,2.13,NA,0.07,NA,0.17,-1.79,1.33,0.79,-1.03,0.77,0.53,2.26,1.88,2.1,-0.01,1.19,1.24,2.88,3.99,-0.51,0.96,1.12,-2.06,0.6,1.63,-0.03,-0.44,1.68,0.88,1.73,1.15,-0.33,-0.05,-0.52,-0.49,-0.63,-0.76,0.33
"6-00_LCLC",2.27,-1.94,-1.07,1.24,4.2,0.38,1.19,1.32,0.35,-0.73,0.48,0.67,-0.71,NA,-0.67,-0.06,0.53,-1.77,-0.68,-1.95,0.67,-1.56,5.24,0.62,2.12,3.69,-1.02,0.7,-0.42,-1.03,-1.06,0.59,-0.69,-0.81,1.25,0.33,-0.26,-1.04,-0.38,0,-0.47,0.96,0.77,0.26,-0.57,0,2.07,0.3,-0.48,-0.81,0.64,0.98,0.82,-0.54,1.14,-0.56,1.3,-1.4,-0.49,1.1,-0.9,0.69,-0.33,0.33,0.47,-0.63,-0.02,0.59,1.74,-0.55,0.53,0,-3.67,0.57,-0.66,0.77,1.03,-1.84,-0.17,1,-1.48,-3.85,1.66,-0.2,-0.28,-0.29,1,-0.68,-0.92,0.43,-0.18,0.05,-0.42,0.23,2.07,0.63,-1.81,-0.56,-1.03,0.31,0.56,1.21,-1.56,-1.34,-2.2,0.47,0.25,-0.01,-0.71,0.75,-1.49,-0.64,-0.57,-1.04,0.91,0.78,-0.07,-0.61,0.18,-1.43,-0.99,0.95,-0.41,-0.08,-2.13,-0.79,1.01,-0.13,-0.52,1.17,0.28,-0.1,0.81,0.12,0.52,-0.31,-0.23,0.03,0.52,-0.81,1.33,2.4,0.8,3.37,-1.21,0.75,0.47,1.87,0.12,-0.77
"218-97_Adeno",4.28,4.25,2.33,3.3,-0.23,3.3,3.19,-4.86,3.7,2.39,3.79,-1.9,5.18,2.6,-0.12,-0.17,2.25,2.87,2.32,-0.92,1.68,-0.4,-1.29,2.28,-2.21,1.37,0.97,-1.11,1.3,-0.51,2.91,1.47,-1.24,2.1,-0.37,-1.37,-1.99,0.06,-0.37,0.16,-0.99,-0.44,2,-3.59,-0.98,0.18,-1.5,-0.57,0.89,1.28,1.65,2.95,0.41,-0.72,-0.62,0.58,0.28,-0.89,-0.09,-2.38,1,-0.27,0.22,-2.15,0.78,1.49,1.93,0.81,2.06,-0.66,0.46,1.68,1.18,1.2,1.36,-0.37,1.48,0.57,-0.8,-1.24,0,0.28,1.64,-0.82,0.14,0.71,-0.22,0,NA,-2.01,2.32,-0.05,0.36,-2.02,1.18,1.82,-1.64,NA,-0.54,1.62,-0.84,1.92,0,0.09,1.23,1.23,-0.51,-0.43,1.33,1.45,-1.19,0.79,1.04,1.1,-0.8,-1,-0.19,1.17,-0.02,-0.69,1,-1.81,-2.04,-1.03,1.1,-0.82,-1.35,0.18,0.54,-0.23,-0.64,0.23,1.92,1.3,2.25,1.19,-0.73,0.31,0.32,0.94,-1.16,-0.7,-0.13,0.28,-2.07,-0.35,-1.02,0.55,0.6,-0.32
"219-97_SCC",NA,-2.38,NA,-2.93,-1.53,0.05,-4.9,-0.16,4.41,3.41,4.7,-2.65,-1.57,-1.93,NA,5.32,-0.02,0.18,NA,1.41,-2.55,-1.91,-1.25,0.32,NA,-1.56,0.26,NA,NA,NA,-0.4,0.45,0.04,0.02,-1.48,-1.86,-0.63,NA,-1.64,-4.1,-3.51,0.72,0.15,-2.01,-2.36,0.66,0.47,2.55,-1.63,NA,0.07,0.03,-1.2,0.58,-1.91,-3.44,-1.49,1.12,4.44,-3.04,1.76,-1.64,1.97,-1.88,-1.71,1.55,0.05,4.23,0.65,-0.34,NA,0.75,2.73,1.23,-0.14,-0.88,2.34,1.07,-0.39,-2.13,2.03,2.51,NA,-3.04,0.27,-0.09,-1.04,1.48,1.69,0.56,-1.2,-0.49,2.31,-2.45,2.02,0,-1.82,1.69,-0.08,0.71,1.71,0.99,2.32,0.75,-1.5,-2.95,-1.73,NA,-2.43,3.32,-1.55,-2.18,-2.33,-1.3,-1.34,2.5,0.64,0.08,-1.46,-0.71,2.95,-0.48,3.16,-0.9,0,-0.48,2.57,-0.3,-0.51,-1.42,-1.06,NA,1.08,NA,-0.83,-1.4,-2.1,0.37,-0.64,NA,-3.1,NA,-2.06,-1.5,NA,2.76,1.22,-0.01,0.41,-3.54
"219-97_normal",-1.02,-2.14,-1.32,0.53,-0.75,-0.38,0.06,0.75,-1.47,-0.07,-1.34,1.75,-1.21,-1.09,-1.55,-1.41,-1.61,0.01,2.47,0.51,1.92,-0.82,0.24,-1.42,2.75,-2.36,-3.12,-1.13,0.74,-0.53,-1.41,NA,-1.33,-0.56,4.92,2.48,-0.66,0.32,1.94,-0.65,1.53,2.45,-1.56,0.31,1.17,1.97,1.26,0.46,-1.45,0.01,-1.01,-1.49,-1.55,0.43,3.86,0.46,3.22,0.41,0.63,2.22,-0.41,1.2,-4.34,0.9,0.19,3.55,1.11,-0.36,-1.2,0.27,2.12,0.73,-2.23,3.3,-1.97,1.09,-2.9,-1.51,1.2,3.48,-2.97,-1.95,0.19,-0.55,-0.26,0.26,-0.26,1.2,-1.08,-0.62,-0.3,0.72,0.69,-0.81,-2.44,-1.48,0.36,-1.97,-0.55,3.84,0.24,-3.35,-1.84,2.3,1.41,-2.69,1.55,1.78,-0.74,-0.49,0.94,-0.67,-1.42,0.61,2.98,-1.47,1.38,-1.34,1.47,0,3.09,-0.89,0.63,1.95,-1.06,-0.13,2.6,0.36,-0.6,1.47,-1.13,-1.6,-2.49,-0.89,-1.1,-0.07,0.14,3.8,-1.98,-0.71,0.4,1.83,-0.92,-1.45,-0.87,-0.5,2.21,3.16,0.13,0.25
"265-98_Adeno",4.8,5.26,5.47,5.53,-1.86,6.01,4.46,-5.12,0.25,1.88,0.59,-0.08,5.14,3.33,1.74,NA,-0.46,3.23,5.63,-0.3,-0.05,5.65,0.09,-0.35,1.55,2.5,-3.94,-1.81,1.99,-1.55,3.08,-0.12,2.04,5.2,-0.31,0.89,-3.66,4.54,1.3,1.13,1.94,0.7,0.09,-0.32,0.82,-2.05,-3.57,2.13,0.47,1.05,-0.27,-2.01,2.67,1.46,-1.42,0.95,-2.67,-0.48,-0.4,-1.8,-2.09,1.99,-1.04,0.36,3.86,-1.67,-1.33,-0.16,NA,-0.88,-0.95,-1.16,-0.13,-1.63,4.05,-0.43,-2.02,-0.81,-3.48,-1.25,-3.15,-0.67,4.05,1.17,-0.4,NA,0.9,-1.21,-1.44,-1.62,-0.34,-0.92,0,0.41,-0.3,-0.42,1.27,-2.4,2.56,-2.79,1.72,-0.3,-1.76,-2.67,-0.36,-1.1,1.9,-0.19,1.07,-1.05,1.55,0.22,0.55,2.03,-2.15,0.3,-0.54,-1.53,-2.6,-0.93,-0.81,-1.81,NA,-1.17,1.38,0.29,0.23,-0.82,1.7,-1.81,0.91,-0.92,-0.35,-0.63,2.84,-0.53,-1.59,-2.16,-0.76,0.4,-2.14,1.39,0.83,-1.46,0.54,-1.03,-2.58,-1.2,-0.77,0.24
"220-97_SCC",3.92,4.83,0.87,-1.81,0.11,0.47,3.26,0.08,4.54,4.13,3.87,-1.36,0.34,3.27,3.06,0.57,0.17,0.58,1.81,3.36,3.14,1.56,-0.17,-0.19,1.1,-0.86,1.7,3.46,-1.25,-0.91,0.63,0.16,2.71,0.46,0.27,-0.91,0.95,-0.11,-1.15,0.86,-1.63,-0.38,0.33,-2.17,-1.64,2.65,-0.06,2.61,0,-2.55,-0.02,1.46,1.28,0.15,-0.24,-1.84,0.09,3.04,4.79,-0.91,0.48,-0.72,2.65,-0.78,-0.46,2.69,-0.24,3.86,0.2,1.8,3.18,0.03,1,2.32,2.35,-0.61,2.03,-0.33,0.87,0.78,1.83,1.42,1.33,-1.2,-0.83,-1.78,0.49,0.65,1.09,0.36,0.25,-0.42,3.34,-0.66,2.52,0.43,-1.07,2.09,0.5,1.11,3.13,-0.16,1.44,0.83,-0.15,-1.44,2.11,-1.43,0.42,-0.42,-1.52,-2.68,-1.48,-0.52,0.07,4.04,2.76,1.89,-0.15,0.83,4.42,-0.4,4.39,-1.59,-1.38,-0.42,-0.22,-0.5,-1.63,-0.57,-0.88,0.16,-0.28,-0.25,2.07,-0.21,-1,1.64,-0.33,-2,0.7,-0.78,-0.25,-1.41,-1.9,1.45,0.15,1.3,1.99,-1.04
"220-97_node",5.34,5.76,-0.56,-2.71,0.61,-0.91,4.54,-5.13,4.4,3.58,3.93,-4.13,0.24,4.18,3.46,-0.14,-0.59,0.96,-2.71,3.41,3.65,-0.02,-0.93,-0.37,-2.31,-0.75,2.45,4.29,-0.67,-2.33,0.23,-0.68,2.89,-0.64,-1.62,-2.84,0.01,-2.7,-2.38,-2.02,-1.84,-0.79,-0.69,-4.14,-1.89,2.74,-2.5,2.11,-1.12,-3.34,-0.24,1.07,0.96,-0.42,-3.43,-1.98,-2.1,3.9,5.22,-2.21,2.83,-1.55,2.8,-1.47,-1.94,1.97,-1.79,3.6,-1.67,-1.64,3.59,-1.94,0.48,0.98,2.07,-2.9,2.65,-0.9,-3.55,-1.96,3.33,1.23,0.09,-1.64,-0.46,-2.68,0.99,0.52,0.69,0.43,-1.46,-0.38,4.1,-0.91,2.34,-0.5,-2.92,2.75,-4.3,0.14,2.75,-1.55,1.03,3.19,-0.75,-1.88,2.92,-2.17,0.33,-0.86,-2.53,-3.32,-0.75,-0.82,-0.73,3.89,1.83,2.64,-0.04,0.58,2.25,-0.32,4.21,-2.62,-1.61,-1.67,-1.25,-2.13,-2.94,-3.11,-0.98,-0.13,-1.8,0.13,3.45,-1.27,-0.95,NA,-0.66,-2.55,-2.27,-1.65,-1.62,-1.38,-2.13,-0.12,0,0.17,1.47,-2.54
"222-97_Adeno",0.71,-0.14,1.47,2.75,-1.41,3.16,0.35,0.87,-1.98,-1.65,-2.38,1.12,3.34,-0.79,-2.28,-0.98,1.23,7.46,-0.6,NA,-1.2,-0.94,0.77,0.76,2.18,-2.86,-0.16,-2.32,-0.56,2.45,7.15,1.1,-1.36,2.75,1.25,1.17,1.58,-0.31,0.23,-0.23,1.03,-0.53,NA,0.91,0.61,0.27,-0.56,-0.08,-1.7,-0.1,0.86,1.9,1.75,0.17,-0.22,0.06,-0.83,0.06,-0.68,2.69,-0.85,1.05,NA,0.47,2.79,1.31,1.86,-0.99,0.3,2.95,-0.85,1.48,0.12,0.58,0.7,1.46,-0.76,-0.29,-0.04,0.53,0,1,-0.73,1.12,3.23,0.02,-0.17,-7.23,-1.63,-0.35,-0.6,-2.6,2.69,-1.15,-0.97,1.13,-0.16,0.21,0.88,1.6,0.22,1.52,-1.75,-0.32,1.14,-2.52,0.33,0.29,-1.78,0.94,0.37,0,-1.69,2.69,2.17,-1.12,-1.72,-3.75,-0.55,-0.36,3.08,-0.94,-0.32,1.27,1.27,0.53,2.9,1.03,-0.56,0.4,2.06,-2.19,1.41,0.04,-1.59,-0.27,0.43,0.34,3.83,0.05,0.64,0.73,-2.22,0.46,1.81,-1.53,-1.06,-1.27,-1.5,0.93
"222-97_normal",0.01,-2.55,NA,0.31,-0.88,-0.65,-0.08,0.18,0.2,1.61,-0.68,2.14,-0.63,-0.91,0.05,-0.55,-3.58,0,-1.92,0.71,1.11,-0.57,-0.66,-3.08,2.38,-0.81,-5.26,-0.64,-2.84,-1.31,-0.97,-3.25,0.98,NA,3.77,2.52,0.12,-0.02,1.52,-0.86,0.6,1.25,-2.87,-0.25,0.94,1.47,0.58,0.55,-1.89,-0.88,-2.73,-1.35,-3.27,0.42,3.48,1.07,1.4,0.77,-0.18,2.42,0.17,1.98,-3.36,1.62,-0.54,2.18,-1.04,0.57,-2.93,1.49,1.84,-0.56,-0.93,1.75,-1.47,0.59,-2.1,-0.32,0.97,4.21,-1.24,-1.84,0.42,-0.56,-0.23,0.55,0.17,-0.24,-4.41,0.22,0.58,1.7,0.31,-0.44,-1.92,-1.25,0,-0.94,0.98,2.13,1.24,-1.95,-1.42,1.01,1.31,-2.44,1.22,1.42,-0.36,-0.06,1.14,-1.25,NA,0.09,3.4,-1.15,1.43,-1.8,1.62,0.6,1.56,0.64,0.54,1.86,-1.03,0.9,1.44,0.21,0.49,1.36,-1.62,-2.6,-2.13,NA,-0.69,0.24,0.41,2.92,-0.22,-0.82,1.13,1.92,-0.64,-2.45,0.57,-0.63,0.05,3.12,0.71,0.71
"306-99_Adeno",4.46,4.09,3.46,4.44,1.45,4.78,3.57,-0.07,-0.22,2.68,-0.13,0.59,4.49,2.52,-0.61,-0.47,-1.46,5.07,-2.08,0.7,-1.85,0.25,-1.52,-1.44,1.11,-0.77,-0.75,-0.15,-2.81,4.77,5.21,-1.37,-3.61,1.39,1,3.27,-0.17,2.99,1.03,2.52,0.96,1.92,-1.97,0.61,1.83,0.79,-0.59,-0.44,2.42,0.09,-0.99,0.66,-2.37,1.17,-0.51,2.47,-0.64,1.23,-0.06,0.69,-1.23,1.25,0.26,0.71,3.14,1.08,-0.78,-1.35,-1.45,1.29,-0.52,-0.87,0.73,0,-2.1,-1.15,-4.56,-2.72,-2.1,-1.3,2.12,1.2,2.98,1.27,-0.88,-2.36,0.98,-1.28,-2.49,-1.71,-2.2,-2.5,NA,2.23,-2.72,-1.24,0.93,-1.47,2.27,1.31,-0.22,-2.93,-1,-1.43,-2.45,-3.54,1.01,1.49,1.39,-2.36,2.21,1.06,0.22,3.39,0.94,1.23,-0.2,-1.78,2.62,-0.71,2.64,-1.06,-0.81,0.79,1.79,2.57,-0.16,NA,0.04,-0.82,2.62,-1.1,-2.8,-1.01,0.74,-2.73,1.17,-1.19,1.01,1.74,0.34,1.68,-2.65,-1.46,1.54,-1.47,0.29,-1.6,-2.09,-1.01
"306-99_node",3.94,3.56,2.46,0.49,0.97,3.89,NA,-0.87,NA,2.14,NA,0,1.49,2.81,NA,-0.32,-2.96,3.34,NA,0.36,-1.28,0.94,0.88,-2.56,-0.08,-0.83,-2.51,1.64,-1.43,1.01,3.13,-2.58,NA,1.54,2.32,2.5,0.08,2.86,1.03,2.12,0.31,-0.28,-2.76,0.95,1.77,-0.34,0.73,NA,2.44,0.98,-2.46,-1.02,NA,1.22,0.06,NA,-0.53,0.96,0.9,0.42,-0.46,1.48,0.02,-0.28,2.97,1.31,-1.4,0.07,-1.86,2.81,1.15,-1.4,0.42,1.35,-1.99,-0.57,-2.35,-0.02,-1.32,-0.22,-0.45,0.7,3.28,0.73,NA,-4.62,2.14,-1.92,-1.5,2.31,-1.71,-1.16,1.19,NA,-2.04,-2.64,0.97,-1.43,1.48,1.59,0.54,-1.41,-0.55,-0.33,-1.36,-4.77,0.28,0.51,1.75,-0.05,2.16,1.06,-0.39,3.49,0.06,0.96,0.37,-2.31,0.6,-0.12,1.98,-1.19,-0.12,-0.35,0.91,1.21,-0.62,0.08,0.13,-0.09,2.21,0.47,-1.17,-0.88,NA,-1.38,0.44,0.6,-3.05,1.53,0.49,1.27,-1.94,-1.78,1.68,0.59,2.46,NA,-0.9,-0.11
"306-99_normal",3.81,3.19,3.47,3.56,0.26,4.42,3.51,0.36,-1.33,-1.01,-0.98,1.82,2.96,2.15,-2.4,0.06,-4.17,4.68,1.97,1.22,-0.35,-0.71,-0.57,-4.3,2.35,-1.56,-2.37,-1.92,-1.5,-1.17,5.12,-4.29,-3.2,1.58,3.4,3.73,-0.32,0.01,1.54,0.37,1.47,3.97,-3.58,0.61,1.55,1.25,-1.38,2.31,0.39,0.49,-3.6,0.94,-2.66,1.61,3.51,2.27,0.84,1.45,1.15,3.22,-1.15,2.07,-1.7,1.99,1.19,4.38,-2.75,-1.21,-2.37,0,0.95,-2.64,-1.65,3.95,-0.52,1.83,-2.05,0.23,1.57,3.29,1.37,-1.49,0.6,1.65,-0.35,0.82,-0.52,-2.21,-1.36,0,-1.57,0.04,-0.02,1.48,-1.58,-3.64,1.12,0.6,2.75,3.7,1.02,-2.01,-0.82,0.66,-1.45,-1.88,0.65,2.36,NA,-0.69,1.89,0.04,-0.22,2.41,4.03,-1.21,2.49,-2.16,2.46,0.52,1.87,-0.08,-0.76,1.82,0.73,0.45,2.81,2.49,1.11,1.99,2.87,-1.55,-2.16,-1.14,0.99,-0.29,1.5,2.67,-0.11,0.33,1.41,2.27,-0.81,-1.59,1.58,-1,1.82,2.59,1.38,0.03
"223-97_Adeno",4.04,4.85,5.35,-0.61,-1.99,5.85,3.5,1.22,4.37,3.52,4.16,0.41,4.5,2.27,0.07,-0.2,0.1,-0.69,2.52,0.5,-1.1,3.45,-0.64,-0.05,1.79,3.83,0.48,0.3,4.95,-0.97,-0.58,-0.1,3.64,3.62,0.7,0.28,-0.8,3.11,0.54,6.37,-0.01,0.85,0.36,0.2,0.96,0.15,0.53,0.58,5.77,2.12,0.19,0.29,3.3,0.18,0.66,2.31,-1.04,0.67,0.81,0.69,-0.79,1.71,1.85,1.91,3.62,-1.68,0.97,-0.58,-0.86,-0.88,1.68,0.76,-1.5,-1.57,4.38,0.43,-1.31,-2.57,-0.66,0.9,-0.54,-1.64,4.48,0.02,0.04,-0.27,2.09,0.7,2,-1.21,-0.35,0.36,-0.74,1.44,0.61,0.07,1.07,0.87,1.59,-0.83,-0.49,1.76,0.98,-1.3,1.36,0.39,0.36,-1.19,2.47,0.03,1.56,1.24,0.89,2.13,0.03,-0.57,0.94,0,-0.81,-0.65,-1.17,-1.44,-1.6,0.06,2.17,-0.08,-0.02,0,0.85,1.58,-1.54,-0.66,1.9,0,2.95,0.07,-0.28,-1.26,0.49,1.3,0.25,-0.12,-0.03,-0.75,0.43,0.04,0.16,-0.15,-0.18,-0.44
"147-96_Adeno",-1.4,0.86,1.74,-1.28,1.14,2.37,-0.82,0.07,-1.83,0.41,-1.79,-3.61,-0.29,NA,1.64,-0.13,-2.34,-1.42,1.04,-0.63,-2.28,1.6,0.41,-2.29,-2.26,2.29,-1.22,0.55,0.45,-0.28,-0.08,-2.25,0.17,1.23,-0.83,-0.72,-3.36,-1.91,-0.93,0.71,-0.66,2.31,-1.69,1.03,-4.75,-0.33,-2.83,0.26,0.46,0.05,-1.88,2.07,2.58,-1.96,-0.01,0.03,-2.12,-0.23,0.34,-1.58,-2.25,-3.11,0.65,-1.97,0.47,-1.57,-3.07,0.03,0.52,-1.04,2.26,-3.31,-1.11,-0.98,-0.03,1.89,1.44,-3.59,-0.99,-0.07,1.61,-0.5,1.28,0.86,-0.13,-1.13,-0.43,0.36,3.42,-0.09,-0.29,0,-0.2,-1.35,-0.11,-1.96,-0.51,-1.84,-1.41,-1.37,0.89,-1.04,0.47,-2.42,-1.01,-0.21,-2.32,-2.3,-0.36,-1.09,-1.64,-1.05,-0.23,-1.58,-0.68,-0.12,-0.42,-0.66,-0.98,-0.84,-0.69,-0.02,-0.63,-2.59,-1.49,-1.71,-2.35,0.34,-1.07,-2.34,-0.08,-0.42,-1,-2,0.55,-0.92,-0.8,-0.53,0.01,-1.23,-0.43,0.45,1.05,0.97,-0.57,1.57,-3.42,0.72,0.21,-1.13
"59-96_SCC",-0.91,-0.56,2.75,-0.29,4.6,3.19,-0.49,-5.07,3.06,1.36,2.33,-3.54,-0.35,-1.7,-0.01,1.67,0.76,0.67,-0.62,NA,0.51,-1.96,2.71,0.62,-2.14,3.01,-1.47,-0.69,0.85,1.14,0.41,0.63,1.23,0.89,0.14,-0.07,-2.7,0.37,-2.26,NA,-0.11,-0.12,NA,-3.51,-0.41,-0.47,-3.15,1.34,2.56,-1.1,0.75,0.06,0.18,-1.55,-0.55,0.3,0.4,-1.89,-0.14,-2.28,NA,-0.15,0.32,-1.35,0.94,1.07,-0.07,1.67,-0.24,NA,1.77,0.42,-0.37,1.42,0.17,-0.32,-1.76,-0.19,-1.4,-1.13,-1.43,0.4,0.52,-1.23,-0.34,0.11,3.25,1.59,1.56,2.22,NA,0.34,0.13,-1.46,0.95,0.49,-2.3,-0.57,-1.47,-2.43,0.08,-0.42,1.41,-0.26,-0.24,-1.48,-0.94,-1.81,-0.29,2.44,0.25,-1.61,-0.65,2.49,-0.02,0.32,-0.36,0.71,0.23,1.54,1.53,1.19,NA,-2.56,-2.34,-1.31,-0.94,-2.07,NA,-1.92,-0.94,1.08,-0.4,0.23,0.99,NA,-1.16,-0.04,0.12,-2.21,-1.68,-1.59,5.02,-0.2,-2.56,2.14,-1.51,-0.63,0.7,-0.58
"226-97_Adeno",0.86,-0.38,1.82,2.66,-1.66,3.35,0,0.84,-1.8,-1.4,-2.29,1.06,3.2,-0.74,-2.18,-1.42,1.23,7.31,-1.08,0.18,-1.3,-0.95,0.63,0.57,2.16,-2.77,0,-2.15,-1.42,2.51,6.9,1.03,-1.69,2.99,1.15,1.29,1.61,0.18,0.24,-1.19,0.95,-0.57,NA,0.89,0.6,0.66,-0.97,0,-1.26,0.11,1.01,2.08,1.81,0.24,-0.17,0.27,-0.38,0.29,-0.71,2.64,-0.73,0.75,NA,0.28,2.88,1.01,1.92,-0.87,0.38,3.1,-0.77,1.6,0.16,0.63,0.9,1.84,-0.84,-0.21,0.07,0.75,0.1,0.86,-0.74,1.29,3.05,0.17,-0.07,-0.48,-1.33,0.01,-0.27,-2.22,2.66,-1.26,-1.25,1.04,-0.14,0.27,0.84,1.6,0.16,1.56,-2,0,NA,-2.26,0.29,0.31,-2.18,0.87,0.43,0.25,-1.64,2.51,2.18,-1.26,-1.03,-2.89,-0.25,-0.25,3.2,-0.8,0.54,1.34,1.66,0.69,2.73,0.95,-0.27,0.42,2.03,-1.26,1.34,0.08,-1.38,-0.24,0.51,0.48,4,0.17,0.56,0.67,-1.64,0.62,1.55,0.11,-1.12,-1.24,-0.97,1.03
"230-97_SCLC",-2.91,0.06,-2.89,-0.14,0,-0.9,-1.6,0.22,-1.68,0.07,-1.9,-0.66,-0.12,-2.12,0.09,2.25,1.91,-0.85,0.17,-2.69,-0.7,-1.52,-1.11,1.65,0.44,-1.59,-1.94,-0.9,3.12,1.62,-0.06,1.58,-0.86,-0.92,0.6,-1.04,-0.85,0.16,-1.17,0.39,-0.57,-2.62,1.58,-0.05,-1.62,-0.47,-1.75,-1.39,0.87,-0.49,2.04,-1.73,-0.18,-1.8,-0.41,-1.69,-0.48,-1.95,-0.63,0.25,-2.22,-0.77,-1,-1.47,-0.83,-1.08,0.56,-0.28,0.72,2.45,-0.44,0.33,0.9,-0.82,0.19,-0.05,-0.35,1.42,0.89,0.53,1.82,0.5,-0.48,-0.72,4.8,0.73,0.59,1.77,-0.59,1.51,-0.03,0.43,0.15,0.81,0.3,1.3,-1.88,-1.81,-1.98,-1.4,-0.61,0.7,-0.07,0.61,-0.44,1.05,-0.02,-0.41,-2.28,0.8,-1.93,-0.2,-0.28,1.3,-0.82,-0.58,-0.36,1.01,-0.65,3.73,-1,1.16,1.04,-0.99,-0.22,-1.52,-0.35,-1.79,-0.32,0.39,0.09,0.46,0.58,1.58,-1.43,0.5,-0.41,-1.19,0.53,-0.43,-0.1,-0.01,1.38,1.33,0.25,0.74,0.75,-1.06,0.37,2.35
